,customer_id
0,4505
1,5448
2,6311
3,7783
4,7926
5,10178
6,11353
7,14931
8,18704
9,19249
10,24439
11,25257
12,26617
13,29054
14,29947
15,31023
16,31109
17,32827
18,33519
19,37337
20,40212
21,40235
22,40712
23,43314
24,43365
25,43866
26,44358
27,45015
28,45195
29,53787
30,54737
31,56218
32,58310
33,64011
34,64626
35,67583
36,73196
37,75357
38,75949
39,79499
40,80578
41,80745
42,80882
43,83004
44,83670
45,85200
46,86463
47,88496
48,92510
49,96007
50,101771
51,104622
52,107346
53,111269
54,117159
55,119353
56,119868
57,122720
58,122955
59,125559
60,131180
61,132722
62,135889
63,136083
64,139026
65,140296
66,141389
67,142438
68,145989
69,148744
70,149196
71,149732
72,150674
73,152340
74,153794
75,157308
76,157737
77,160145
78,165110
79,165589
80,166636
81,167117
82,170838
83,171332
84,173125
85,175210
86,176547
87,177577
88,178270
89,182426
90,182663
91,184433
92,187544
93,191462
94,194902
95,198491
96,199993
97,200425
98,204612
99,206172
100,206462
101,209940
102,211979
103,213287
104,215404
105,215670
106,215848
107,218694
108,223518
109,227959
110,228233
111,233618
112,233854
113,234442
114,235243
115,236982
116,239745
117,241374
118,245637
119,249494
120,249900
121,250817
122,252447
123,255980
124,258677
125,264896
126,267703
127,268781
128,270040
129,274301
130,274851
131,275383
132,278354
133,282603
134,291583
135,291701
136,291725
137,292599
138,292770
139,295489
140,298457
141,299270
142,304368
143,306456
144,306545
145,306710
146,311831
147,316532
148,325374
149,326726
150,327174
151,331026
152,333674
153,335096
154,337398
155,340971
156,344092
157,345931
158,347616
159,348242
160,350616
161,351217
162,352416
163,352824
164,356472
165,357501
166,359551
167,359649
168,359961
169,361531
170,361900
171,364911
172,366718
173,369756
174,372755
175,373327
176,377711
177,378931
178,379529
179,379559
180,387167
181,387423
182,390263
183,393663
184,397576
185,397939
186,398355
187,398446
188,400631
189,401762
190,402852
191,406576
192,411128
193,411387
194,411788
195,415437
196,416054
197,416431
198,418143
199,419100
200,419222
201,420318
202,423386
203,424045
204,424649
205,424772
206,427339
207,433632
208,434574
209,434860
210,434926
211,437856
212,439969
213,441051
214,445831
215,445844
216,448763
217,448960
218,453222
219,455244
220,455685
221,457531
222,460855
223,461218
224,461471
225,461575
226,467862
227,470332
228,473013
229,477947
230,478773
231,484476
232,484898
233,485709
234,486013
235,486420
236,488418
237,488747
238,489053
239,490350
240,490654
241,490917
242,491346
243,491856
244,493025
245,493890
246,496066
247,498676
248,499004
249,499184
250,501092
251,501776
252,503701
253,507597
254,511068
255,512201
256,518927
257,519084
258,520245
259,521006
260,528048
261,528081
262,528913
263,533418
264,541042
265,546539
266,551691
267,551706
268,553888
269,554620
270,555158
271,557340
272,557479
273,565329
274,567453
275,569651
276,572742
277,577169
278,580696
279,585776
280,585959
281,586791
282,590553
283,594461
284,597018
285,597798
286,597827
287,598297
288,601036
289,601399
290,604081
291,605476
292,606668
293,609328
294,610597
295,614721
296,614783
297,615410
298,616439
299,616609
300,618093
301,618233
302,619667
303,623055
304,624047
305,624823
306,628883
307,633188
308,637833
309,639679
310,645406
311,646734
312,649737
313,653567
314,659448
315,662389
316,666564
317,668438
318,668485
319,670356
320,671605
321,672457
322,673470
323,677229
324,677713
325,677801
326,678051
327,678953
328,680299
329,681926
330,682298
331,682299
332,682775
333,684276
334,685930
335,686959
336,689299
337,692649
338,695493
339,697952
340,698515
341,701290
342,703950
343,706648
344,707798
345,709750
346,713482
347,714843
348,715890
349,720060
350,721443
351,721997
352,722695
353,722735
354,724060
355,729588
356,736453
357,737514
358,738194
359,741607
360,750050
361,754140
362,754787
363,759849
364,760591
365,761008
366,761473
367,764189
368,764299
369,765872
370,769769
371,770031
372,771987
373,773293
374,774524
375,775915
376,778758
377,779961
378,781739
379,784250
380,784629
381,785573
382,786174
383,786630
384,791521
385,793464
386,793474
387,799037
388,799113
389,800481
390,800967
391,803186
392,803958
393,804203
394,804554
395,810684
396,810733
397,812198
398,812993
399,813296
400,815326
401,816873
402,821179
403,822147
404,824187
405,824233
406,827261
407,832442
408,833353
409,833947
410,835862
411,841865
412,842631
413,843970
414,846664
415,848174
416,848346
417,848955
418,849475
419,850877
420,852023
421,852306
422,853720
423,857586
424,861972
425,862157
426,862337
427,863057
428,863079
429,865392
430,866070
431,866284
432,870101
433,873603
434,876567
435,877373
436,877414
437,878285
438,880585
439,881454
440,881811
441,885692
442,886165
443,886522
444,888211
445,889133
446,890148
447,891554
448,894513
449,896519
450,898850
451,899966
452,904889
453,905179
454,905442
455,907246
456,907571
457,908397
458,909271
459,910779
460,914180
461,914633
462,914679
463,916105
464,916177
465,916826
466,919216
467,919281
468,928437
469,930298
470,933193
471,935398
472,936229
473,936567
474,937172
475,938367
476,938511
477,938531
478,940051
479,941130
480,946587
481,947024
482,947131
483,951754
484,951864
485,952931
486,955056
487,955888
488,956188
489,957410
490,959399
491,962237
492,963166
493,964613
494,970439
495,971229
496,973814
497,974183
498,974435
499,974948
500,975635
501,976034
502,979629
503,981480
504,981556
505,981939
506,982737
507,984020
508,985551
509,987409
510,988422
511,989492
512,989936
513,991064
514,991524
515,994256
516,995615
517,996762
518,1001325
519,1002790
520,1005162
521,1005522
522,1007217
523,1008396
524,1008495
525,1010023
526,1015538
527,1015657
528,1016807
529,1019016
530,1020686
531,1020862
532,1024015
533,1025474
534,1025503
535,1026559
536,1029867
537,1030210
538,1033077
539,1035896
540,1037660
541,1039879
542,1040815
543,1041463
544,1041621
545,1045598
546,1048816
547,1049073
548,1050297
549,1050642
550,1052353
551,1055806
552,1057368
553,1057430
554,1058547
555,1067476
556,1068735
557,1070547
558,1070733
559,1072734
560,1073915
561,1076107
562,1079417
563,1079498
564,1079646
565,1079832
566,1081645
567,1082596
568,1084229
569,1085072
570,1085217
571,1088644
572,1093623
573,1099455
574,1099687
575,1103403
576,1104847
577,1107573
578,1107766
579,1112852
580,1114297
581,1118857
582,1121543
583,1128430
584,1134078
585,1138032
586,1141569
587,1141720
588,1143372
589,1146151
590,1146199
591,1146759
592,1146942
593,1149464
594,1150005
595,1153955
596,1156831
597,1156982
598,1157124
599,1157263
600,1158634
601,1159540
602,1160078
603,1160101
604,1161671
605,1163055
606,1163674
607,1163951
608,1166981
609,1167986
610,1168574
611,1173935
612,1177366
613,1185153
614,1186512
615,1187447
616,1190178
617,1193885
618,1195554
619,1196331
620,1197093
621,1198497
622,1199274
623,1199423
624,1201408
625,1205547
626,1205830
627,1206597
628,1207605
629,1207850
630,1208050
631,1210432
632,1212555
633,1213768
634,1215104
635,1219084
636,1219532
637,1220807
638,1220925
639,1221431
640,1221690
641,1223261
642,1223942
643,1227608
644,1228110
645,1229682
646,1229850
647,1233493
648,1236182
649,1239064
650,1241646
651,1245498
652,1246997
653,1247813
654,1249980
655,1251249
656,1254543
657,1256148
658,1256935
659,1257251
660,1261734
661,1264219
662,1270334
663,1270389
664,1270639
665,1270718
666,1271982
667,1272812
668,1272980
669,1273264
670,1274771
671,1275468
672,1277404
673,1279930
674,1280587
675,1281882
676,1285306
677,1286531
678,1288033
679,1288619
680,1289232
681,1289945
682,1293105
683,1294636
684,1294866
685,1301021
686,1302889
687,1304681
688,1304946
689,1305238
690,1310398
691,1312938
692,1315998
693,1317136
694,1317264
695,1318482
696,1320408
697,1321126
698,1324309
699,1327030
700,1328035
701,1328071
702,1330112
703,1331299
704,1332992
705,1334905
706,1341327
707,1341689
708,1342119
709,1342368
710,1343311
711,1345767
712,1345904
713,1346887
714,1347334
715,1348529
716,1348899
717,1353815
718,1353886
719,1355991
720,1356898
721,1359654
722,1361725
723,1363273
724,1365077
725,1366211
726,1369947
727,1370184
728,1370939
729,349
730,3892
731,4724
732,6123
733,8051
734,9551
735,11315
736,12022
737,15316
738,16644
739,18466
740,19563
741,21203
742,22041
743,23027
744,25080
745,26006
746,26736
747,29786
748,29911
749,31365
750,31461
751,32733
752,33796
753,35214
754,35785
755,36254
756,38022
757,41816
758,43175
759,44113
760,44156
761,45512
762,46179
763,50413
764,50590
765,51962
766,52844
767,52918
768,53432
769,57706
770,59394
771,61163
772,61237
773,65360
774,66389
775,69692
776,72711
777,73384
778,77578
779,77599
780,77926
781,80100
782,80831
783,81219
784,81489
785,83504
786,83716
787,85799
788,85967
789,88297
790,92331
791,93084
792,93576
793,95660
794,97186
795,100809
796,101548
797,101620
798,104830
799,107705
800,110220
801,111106
802,114544
803,114554
804,115657
805,116254
806,117266
807,121765
808,122031
809,122897
810,123298
811,125984
812,127528
813,127824
814,134868
815,135032
816,135578
817,136556
818,141292
819,141680
820,142531
821,142924
822,146217
823,149584
824,151262
825,151371
826,152158
827,154166
828,154477
829,155364
830,156960
831,157145
832,158083
833,158664
834,159535
835,160822
836,161395
837,163872
838,164414
839,168363
840,171868
841,172332
842,172800
843,172985
844,173144
845,173438
846,174059
847,175365
848,176570
849,180242
850,181973
851,186648
852,190569
853,193246
854,194718
855,202031
856,202621
857,206415
858,206489
859,207202
860,208088
861,208291
862,213377
863,218280
864,218492
865,219264
866,220412
867,221058
868,224593
869,225732
870,226907
871,228063
872,228092
873,230884
874,232865
875,233504
876,236786
877,237198
878,238529
879,238623
880,241595
881,242134
882,242555
883,242568
884,244292
885,246743
886,248378
887,250680
888,250990
889,255028
890,257566
891,259749
892,262300
893,263080
894,269827
895,270519
896,273141
897,273517
898,275846
899,277530
900,278784
901,279086
902,280433
903,281231
904,283512
905,284776
906,286370
907,292945
908,294981
909,295209
910,296915
911,299069
912,299129
913,300210
914,301070
915,304792
916,305327
917,305351
918,305597
919,307386
920,307655
921,309894
922,310393
923,313756
924,314666
925,315126
926,318177
927,318191
928,320306
929,320818
930,323250
931,326539
932,328379
933,332178
934,338421
935,340237
936,343878
937,346052
938,351013
939,357823
940,358399
941,365753
942,369082
943,369241
944,369464
945,369943
946,370910
947,371065
948,376725
949,377305
950,380227
951,381726
952,382104
953,382216
954,383215
955,383452
956,384346
957,385347
958,387861
959,389211
960,390287
961,390374
962,391856
963,398906
964,399104
965,400345
966,401569
967,403171
968,405228
969,405542
970,406162
971,406276
972,408958
973,409943
974,411013
975,412631
976,412830
977,417637
978,417786
979,417840
980,420416
981,423844
982,424807
983,429496
984,434351
985,435604
986,435883
987,437399
988,440875
989,441243
990,442299
991,443407
992,444673
993,446383
994,446605
995,450259
996,450930
997,451760
998,451943
999,458042
1000,461157
1001,464170
1002,464405
1003,466268
1004,471369
1005,471371
1006,476253
1007,476610
1008,477114
1009,480790
1010,481162
1011,482285
1012,482674
1013,483850
1014,484373
1015,486191
1016,486657
1017,488789
1018,492889
1019,494507
1020,495220
1021,499655
1022,509901
1023,510816
1024,512583
1025,514046
1026,516584
1027,518313
1028,518877
1029,519055
1030,519864
1031,520405
1032,524011
1033,527719
1034,531238
1035,535211
1036,537553
1037,537819
1038,538310
1039,538462
1040,539716
1041,540029
1042,541560
1043,541899
1044,545560
1045,547115
1046,547751
1047,550125
1048,550222
1049,551867
1050,552302
1051,556619
1052,557228
1053,559139
1054,561351
1055,565775
1056,570792
1057,571074
1058,571421
1059,573078
1060,577845
1061,580245
1062,581837
1063,582753
1064,584393
1065,584588
1066,587488
1067,588473
1068,588568
1069,593687
1070,594161
1071,594213
1072,595970
1073,599212
1074,601391
1075,604629
1076,606425
1077,608771
1078,609569
1079,614906
1080,616596
1081,618300
1082,622765
1083,622777
1084,625762
1085,626752
1086,629215
1087,630659
1088,631882
1089,633845
1090,636871
1091,638034
1092,638075
1093,638083
1094,640342
1095,640651
1096,643820
1097,644173
1098,646063
1099,646454
1100,649240
1101,649763
1102,651417
1103,651436
1104,652626
1105,657826
1106,662011
1107,662094
1108,662362
1109,664150
1110,664536
1111,667263
1112,667986
1113,669395
1114,670785
1115,672240
1116,677300
1117,677760
1118,677804
1119,678681
1120,679712
1121,680895
1122,683821
1123,684974
1124,687938
1125,688039
1126,690316
1127,697633
1128,699588
1129,702426
1130,704046
1131,705392
1132,707154
1133,707393
1134,708355
1135,716280
1136,716918
1137,717251
1138,719265
1139,719463
1140,722918
1141,726612
1142,729045
1143,729390
1144,730222
1145,730456
1146,730624
1147,732579
1148,738912
1149,743802
1150,745207
1151,747599
1152,749231
1153,749250
1154,750047
1155,750357
1156,750698
1157,751898
1158,753253
1159,757386
1160,759490
1161,762192
1162,763371
1163,767424
1164,769157
1165,770103
1166,772359
1167,772874
1168,773217
1169,773487
1170,774921
1171,775310
1172,776049
1173,776166
1174,776648
1175,780556
1176,786053
1177,792220
1178,792946
1179,795299
1180,796119
1181,797042
1182,798083
1183,798738
1184,800134
1185,801425
1186,801470
1187,801908
1188,802919
1189,803158
1190,804130
1191,806592
1192,807286
1193,810631
1194,814297
1195,814641
1196,815506
1197,816946
1198,817993
1199,819519
1200,820069
1201,820400
1202,825306
1203,832854
1204,833830
1205,838264
1206,841088
1207,841280
1208,844169
1209,845770
1210,845963
1211,849496
1212,850353
1213,851681
1214,854951
1215,855110
1216,855515
1217,856795
1218,857823
1219,857962
1220,858329
1221,859601
1222,862115
1223,862999
1224,863586
1225,863728
1226,864360
1227,869419
1228,869540
1229,870143
1230,870743
1231,870880
1232,872297
1233,873971
1234,878195
1235,879307
1236,879441
1237,880002
1238,882156
1239,884367
1240,887571
1241,888539
1242,890569
1243,891066
1244,893930
1245,894044
1246,895952
1247,897026
1248,897125
1249,899597
1250,900732
1251,901139
1252,901699
1253,906548
1254,909361
1255,910386
1256,910810
1257,912642
1258,914802
1259,917789
1260,918804
1261,922702
1262,927746
1263,933814
1264,934449
1265,936281
1266,937901
1267,941098
1268,941313
1269,941343
1270,942613
1271,943135
1272,943335
1273,944355
1274,948306
1275,950873
1276,952363
1277,953258
1278,953844
1279,954492
1280,955628
1281,958222
1282,959745
1283,960410
1284,962792
1285,963853
1286,964037
1287,965431
1288,965570
1289,966841
1290,970897
1291,973390
1292,974619
1293,976219
1294,979539
1295,980924
1296,981438
1297,982029
1298,982933
1299,983179
1300,983429
1301,983943
1302,986649
1303,986880
1304,988715
1305,993564
1306,995135
1307,998210
1308,998220
1309,998391
1310,999753
1311,1000871
1312,1001257
1313,1004205
1314,1004579
1315,1009096
1316,1009507
1317,1009561
1318,1010811
1319,1012599
1320,1015556
1321,1017219
1322,1018693
1323,1019415
1324,1022786
1325,1026306
1326,1027132
1327,1030395
1328,1033298
1329,1034641
1330,1037043
1331,1038412
1332,1039991
1333,1040161
1334,1041742
1335,1047315
1336,1048118
1337,1048161
1338,1048741
1339,1048787
1340,1051039
1341,1052383
1342,1056824
1343,1059665
1344,1061068
1345,1062760
1346,1070967
1347,1071027
1348,1072973
1349,1073957
1350,1076617
1351,1080975
1352,1081609
1353,1083290
1354,1084729
1355,1085461
1356,1085817
1357,1086149
1358,1086305
1359,1086521
1360,1090472
1361,1094930
1362,1103337
1363,1112613
1364,1113908
1365,1114130
1366,1114688
1367,1115543
1368,1117871
1369,1118751
1370,1119986
1371,1123380
1372,1124473
1373,1124809
1374,1128885
1375,1130852
1376,1133523
1377,1134041
1378,1136069
1379,1138222
1380,1139044
1381,1140774
1382,1141991
1383,1142712
1384,1143269
1385,1145019
1386,1148146
1387,1148267
1388,1156639
1389,1157610
1390,1161215
1391,1169643
1392,1170415
1393,1172237
1394,1172872
1395,1173230
1396,1174598
1397,1176870
1398,1176982
1399,1177893
1400,1183702
1401,1185625
1402,1186839
1403,1188350
1404,1189274
1405,1189551
1406,1190251
1407,1190579
1408,1191305
1409,1195970
1410,1196165
1411,1197528
1412,1202108
1413,1203111
1414,1212804
1415,1216098
1416,1217684
1417,1218058
1418,1219736
1419,1221537
1420,1223020
1421,1223670
1422,1223950
1423,1228324
1424,1228615
1425,1228970
1426,1232180
1427,1232665
1428,1232953
1429,1233890
1430,1237601
1431,1238761
1432,1244730
1433,1247226
1434,1249426
1435,1250654
1436,1251163
1437,1251703
1438,1251845
1439,1254119
1440,1256232
1441,1256451
1442,1257459
1443,1257765
1444,1258789
1445,1259295
1446,1259929
1447,1261312
1448,1261548
1449,1265010
1450,1268986
1451,1273188
1452,1274179
1453,1274200
1454,1275243
1455,1277005
1456,1278457
1457,1281217
1458,1281845
1459,1285009
1460,1285763
1461,1286279
1462,1286467
1463,1287628
1464,1288380
1465,1291841
1466,1292087
1467,1293735
1468,1296190
1469,1296605
1470,1300117
1471,1300360
1472,1300772
1473,1303027
1474,1307011
1475,1308675
1476,1311581
1477,1313148
1478,1314442
1479,1317374
1480,1317719
1481,1318229
1482,1318335
1483,1319073
1484,1319967
1485,1321566
1486,1322346
1487,1322723
1488,1324432
1489,1324781
1490,1325447
1491,1326314
1492,1328094
1493,1330329
1494,1330370
1495,1333482
1496,1334027
1497,1334118
1498,1334501
1499,1335833
1500,1336330
1501,1336561
1502,1338156
1503,1340443
1504,1341851
1505,1342310
1506,1342332
1507,1343071
1508,1345390
1509,1346074
1510,1348707
1511,1348873
1512,1349449
1513,1349804
1514,1351915
1515,1354550
1516,1358009
1517,1361715
1518,1361898
1519,1362832
1520,1366425
1521,1369312
1522,1369428
1523,792
1524,1040
1525,1089
1526,1504
1527,1992
1528,2763
1529,4866
1530,6759
1531,7438
1532,7846
1533,10408
1534,11324
1535,11916
1536,14781
1537,14865
1538,14878
1539,16350
1540,17000
1541,18620
1542,20725
1543,21780
1544,24048
1545,26797
1546,28011
1547,28073
1548,28247
1549,29891
1550,30099
1551,30354
1552,34034
1553,37750
1554,38282
1555,38923
1556,39160
1557,40985
1558,43262
1559,44025
1560,46565
1561,48935
1562,49410
1563,51905
1564,56167
1565,56413
1566,56718
1567,58689
1568,58956
1569,59105
1570,59899
1571,60765
1572,61015
1573,62557
1574,62564
1575,63189
1576,67301
1577,69435
1578,71228
1579,72603
1580,72999
1581,73477
1582,74725
1583,74896
1584,77807
1585,78794
1586,80202
1587,80462
1588,81621
1589,82157
1590,83457
1591,83976
1592,84943
1593,85542
1594,87056
1595,87124
1596,87410
1597,87983
1598,89352
1599,89867
1600,94542
1601,94814
1602,95568
1603,95823
1604,96182
1605,96486
1606,99060
1607,101733
1608,102431
1609,102942
1610,105777
1611,108119
1612,108641
1613,108922
1614,109902
1615,110434
1616,110814
1617,111017
1618,111257
1619,111710
1620,112272
1621,112473
1622,112566
1623,112802
1624,113103
1625,115403
1626,116529
1627,117359
1628,118712
1629,119382
1630,119619
1631,120317
1632,120348
1633,120397
1634,121067
1635,121844
1636,122668
1637,123320
1638,123982
1639,124837
1640,125165
1641,125401
1642,127687
1643,127988
1644,129966
1645,132607
1646,137880
1647,138554
1648,140963
1649,141026
1650,145380
1651,147027
1652,148103
1653,148444
1654,151802
1655,152732
1656,155460
1657,158126
1658,158761
1659,159451
1660,159613
1661,160087
1662,163758
1663,164707
1664,165200
1665,166787
1666,167477
1667,169420
1668,170894
1669,171472
1670,172054
1671,172189
1672,174988
1673,175313
1674,175541
1675,175648
1676,176493
1677,178622
1678,180504
1679,180894
1680,181371
1681,182389
1682,183644
1683,186268
1684,191200
1685,192177
1686,192523
1687,194855
1688,195482
1689,197115
1690,197501
1691,197592
1692,197753
1693,198017
1694,198463
1695,199469
1696,200170
1697,200568
1698,200615
1699,203755
1700,206255
1701,206286
1702,208663
1703,209998
1704,211646
1705,211824
1706,212336
1707,212998
1708,214147
1709,215012
1710,215138
1711,216812
1712,217503
1713,217681
1714,220069
1715,222156
1716,222841
1717,225129
1718,226963
1719,228419
1720,230011
1721,232564
1722,232793
1723,233326
1724,233330
1725,235665
1726,236769
1727,239861
1728,240119
1729,240922
1730,242045
1731,242727
1732,243587
1733,244104
1734,244733
1735,247361
1736,247372
1737,249583
1738,250185
1739,250434
1740,251836
1741,254316
1742,255189
1743,256641
1744,258647
1745,258863
1746,259040
1747,259249
1748,260628
1749,262899
1750,263712
1751,265425
1752,265663
1753,266704
1754,268986
1755,269319
1756,270272
1757,270896
1758,272365
1759,273475
1760,275545
1761,275854
1762,277042
1763,278108
1764,278620
1765,279792
1766,281733
1767,282778
1768,283125
1769,283578
1770,283990
1771,285751
1772,285904
1773,286153
1774,286290
1775,286601
1776,287037
1777,288345
1778,288673
1779,289130
1780,289237
1781,290549
1782,290552
1783,291780
1784,292419
1785,294985
1786,295434
1787,296778
1788,296877
1789,300109
1790,300310
1791,300386
1792,300658
1793,302008
1794,302529
1795,303363
1796,303942
1797,304714
1798,305711
1799,306203
1800,307261
1801,307270
1802,308038
1803,308106
1804,308569
1805,308707
1806,308872
1807,309423
1808,309736
1809,310204
1810,311140
1811,312370
1812,312859
1813,312920
1814,313343
1815,314307
1816,315469
1817,315689
1818,316741
1819,319556
1820,319674
1821,320080
1822,320806
1823,321703
1824,321906
1825,322209
1826,322363
1827,322445
1828,324602
1829,324771
1830,325262
1831,326225
1832,327867
1833,328324
1834,330217
1835,332479
1836,334275
1837,334839
1838,335120
1839,335737
1840,336641
1841,338919
1842,341529
1843,343543
1844,343662
1845,344834
1846,345301
1847,347527
1848,348326
1849,349527
1850,349772
1851,351414
1852,351984
1853,352051
1854,352869
1855,353375
1856,354124
1857,355782
1858,356279
1859,357783
1860,358140
1861,358194
1862,362846
1863,363411
1864,368419
1865,368505
1866,371148
1867,372176
1868,372230
1869,372400
1870,372650
1871,373528
1872,373613
1873,374355
1874,375134
1875,376476
1876,379290
1877,383127
1878,384711
1879,388063
1880,388621
1881,389165
1882,390661
1883,393036
1884,393110
1885,394729
1886,396360
1887,401574
1888,404335
1889,407046
1890,407524
1891,409026
1892,411832
1893,414641
1894,416760
1895,416778
1896,417463
1897,422174
1898,423338
1899,423565
1900,425535
1901,425599
1902,426873
1903,427373
1904,427662
1905,428694
1906,428820
1907,429286
1908,429637
1909,432321
1910,433389
1911,440012
1912,441316
1913,442647
1914,443960
1915,444695
1916,445071
1917,445292
1918,445428
1919,445858
1920,447542
1921,452070
1922,452679
1923,453452
1924,453576
1925,455376
1926,455748
1927,455785
1928,456732
1929,457604
1930,458539
1931,460127
1932,460963
1933,464120
1934,465833
1935,466064
1936,466128
1937,469374
1938,469968
1939,473502
1940,473887
1941,474207
1942,476637
1943,476723
1944,477473
1945,477828
1946,479275
1947,479530
1948,480014
1949,480039
1950,480473
1951,483538
1952,483926
1953,486263
1954,487372
1955,490180
1956,490715
1957,491492
1958,492486
1959,494389
1960,496468
1961,497400
1962,497756
1963,499969
1964,500232
1965,501573
1966,502540
1967,504571
1968,504628
1969,508501
1970,511468
1971,515408
1972,515477
1973,517686
1974,520267
1975,521059
1976,521113
1977,521818
1978,523332
1979,524695
1980,525798
1981,525986
1982,528928
1983,530985
1984,532598
1985,533384
1986,534302
1987,534920
1988,535515
1989,537224
1990,537721
1991,539017
1992,539093
1993,542413
1994,542464
1995,543432
1996,543632
1997,544621
1998,546540
1999,546723
2000,547286
2001,547603
2002,548396
2003,548789
2004,549657
2005,550110
2006,550147
2007,550665
2008,551246
2009,552629
2010,552633
2011,553884
2012,556695
2013,560064
2014,560498
2015,560791
2016,561817
2017,562190
2018,562795
2019,563027
2020,563508
2021,564105
2022,566067
2023,571307
2024,571602
2025,571895
2026,572090
2027,575114
2028,577110
2029,578404
2030,578430
2031,578875
2032,580364
2033,586126
2034,586345
2035,587158
2036,589350
2037,592676
2038,593576
2039,594533
2040,594983
2041,597351
2042,599522
2043,599524
2044,600056
2045,600340
2046,600900
2047,602360
2048,602452
2049,602494
2050,603422
2051,607117
2052,607677
2053,609663
2054,610219
2055,610243
2056,611839
2057,613452
2058,619298
2059,620901
2060,621178
2061,622545
2062,622918
2063,624294
2064,626679
2065,626894
2066,629391
2067,630397
2068,631090
2069,632879
2070,632931
2071,634282
2072,637633
2073,639223
2074,639425
2075,639641
2076,640933
2077,644466
2078,644875
2079,644993
2080,645685
2081,646221
2082,647194
2083,651644
2084,651646
2085,654650
2086,655159
2087,656852
2088,658888
2089,660785
2090,663788
2091,664534
2092,664996
2093,666764
2094,668678
2095,668820
2096,670996
2097,671285
2098,674071
2099,674657
2100,674672
2101,674697
2102,675737
2103,675882
2104,677065
2105,679950
2106,682011
2107,683141
2108,684895
2109,685729
2110,685780
2111,687147
2112,689461
2113,690065
2114,690524
2115,692388
2116,692764
2117,694821
2118,697815
2119,698168
2120,699359
2121,701437
2122,703330
2123,705312
2124,708384
2125,709918
2126,709945
2127,714342
2128,716475
2129,716769
2130,720775
2131,721518
2132,722945
2133,723232
2134,724803
2135,725221
2136,726896
2137,727028
2138,728825
2139,729435
2140,730293
2141,731497
2142,731514
2143,734571
2144,735562
2145,735703
2146,735899
2147,739006
2148,739319
2149,740392
2150,740877
2151,740989
2152,741322
2153,741825
2154,742874
2155,743237
2156,746108
2157,746815
2158,748650
2159,749575
2160,749807
2161,751520
2162,752604
2163,754946
2164,755000
2165,755577
2166,760665
2167,761026
2168,762402
2169,762641
2170,763105
2171,765144
2172,767524
2173,768497
2174,769651
2175,769784
2176,772804
2177,773062
2178,775922
2179,778017
2180,778295
2181,779523
2182,780379
2183,782945
2184,784691
2185,786150
2186,786724
2187,787258
2188,788511
2189,788841
2190,790532
2191,792889
2192,793344
2193,794520
2194,797090
2195,800377
2196,804152
2197,804223
2198,808450
2199,808653
2200,809400
2201,809657
2202,811531
2203,816432
2204,817965
2205,818412
2206,819004
2207,819767
2208,820601
2209,821765
2210,823632
2211,824364
2212,824431
2213,825681
2214,827609
2215,828010
2216,832369
2217,833855
2218,834482
2219,834873
2220,835638
2221,835941
2222,836105
2223,838468
2224,838604
2225,838639
2226,841517
2227,845497
2228,845731
2229,847622
2230,847937
2231,848112
2232,851578
2233,855566
2234,857745
2235,858358
2236,860310
2237,860862
2238,861649
2239,861714
2240,862459
2241,862623
2242,863277
2243,863519
2244,864438
2245,864493
2246,865592
2247,865817
2248,868240
2249,873685
2250,874579
2251,877856
2252,879920
2253,880624
2254,883639
2255,884292
2256,885912
2257,886893
2258,887831
2259,888146
2260,888220
2261,891203
2262,892072
2263,892814
2264,893716
2265,894527
2266,895796
2267,895878
2268,897527
2269,898520
2270,898724
2271,898737
2272,900400
2273,902211
2274,903300
2275,904201
2276,904724
2277,904824
2278,905895
2279,907455
2280,907737
2281,909054
2282,910572
2283,913164
2284,913681
2285,915086
2286,915664
2287,915686
2288,915812
2289,916864
2290,919545
2291,919722
2292,921542
2293,922422
2294,923043
2295,923349
2296,926541
2297,927040
2298,927289
2299,927326
2300,928210
2301,928746
2302,929198
2303,929424
2304,931846
2305,933995
2306,934773
2307,935854
2308,936656
2309,937096
2310,938607
2311,940815
2312,943662
2313,943808
2314,944905
2315,946236
2316,947012
2317,949006
2318,949459
2319,949668
2320,950660
2321,951180
2322,952612
2323,953971
2324,955169
2325,955272
2326,957076
2327,957394
2328,959935
2329,960465
2330,960816
2331,962172
2332,964705
2333,964788
2334,967184
2335,968447
2336,969821
2337,972771
2338,974179
2339,974463
2340,974482
2341,976267
2342,977589
2343,977718
2344,977738
2345,978027
2346,981450
2347,981760
2348,983085
2349,984264
2350,984445
2351,985730
2352,986021
2353,986774
2354,988402
2355,989214
2356,990742
2357,990957
2358,992725
2359,993696
2360,994494
2361,994879
2362,998882
2363,1000359
2364,1001905
2365,1001950
2366,1002300
2367,1005828
2368,1005872
2369,1006837
2370,1010788
2371,1012326
2372,1012344
2373,1020220
2374,1020572
2375,1022626
2376,1023076
2377,1026028
2378,1026968
2379,1026995
2380,1027356
2381,1029216
2382,1030667
2383,1033637
2384,1034910
2385,1035633
2386,1036788
2387,1036869
2388,1037502
2389,1040197
2390,1041689
2391,1043833
2392,1043948
2393,1045173
2394,1045453
2395,1047116
2396,1047208
2397,1047614
2398,1048804
2399,1049395
2400,1050534
2401,1050588
2402,1050786
2403,1053650
2404,1053788
2405,1055396
2406,1056410
2407,1058347
2408,1060321
2409,1061247
2410,1061485
2411,1062495
2412,1063318
2413,1063392
2414,1064776
2415,1067622
2416,1068028
2417,1069038
2418,1070067
2419,1071504
2420,1072173
2421,1072484
2422,1072922
2423,1073378
2424,1073874
2425,1074016
2426,1074486
2427,1074592
2428,1074776
2429,1076047
2430,1076788
2431,1076881
2432,1077040
2433,1077830
2434,1080662
2435,1081599
2436,1081937
2437,1082997
2438,1083356
2439,1084763
2440,1084900
2441,1085645
2442,1086793
2443,1089039
2444,1089369
2445,1089538
2446,1089740
2447,1089949
2448,1090648
2449,1090804
2450,1091158
2451,1091231
2452,1092266
2453,1096429
2454,1097746
2455,1099334
2456,1099503
2457,1100106
2458,1100279
2459,1100694
2460,1102042
2461,1104025
2462,1106704
2463,1106715
2464,1108114
2465,1108253
2466,1108364
2467,1109535
2468,1109952
2469,1110539
2470,1114190
2471,1114271
2472,1117132
2473,1117863
2474,1118243
2475,1119719
2476,1120426
2477,1122344
2478,1122385
2479,1124642
2480,1127011
2481,1127579
2482,1128158
2483,1128990
2484,1129361
2485,1131993
2486,1132195
2487,1132338
2488,1132446
2489,1133910
2490,1135029
2491,1135315
2492,1135484
2493,1136834
2494,1137419
2495,1137632
2496,1139066
2497,1140436
2498,1140767
2499,1141370
2500,1142247
2501,1144519
2502,1145599
2503,1148339
2504,1148505
2505,1152547
2506,1155788
2507,1155792
2508,1156758
2509,1157324
2510,1157414
2511,1158647
2512,1159842
2513,1160202
2514,1160754
2515,1161879
2516,1162201
2517,1164565
2518,1166075
2519,1166509
2520,1167929
2521,1168496
2522,1169364
2523,1169942
2524,1170553
2525,1171005
2526,1171151
2527,1171881
2528,1172646
2529,1174307
2530,1176118
2531,1179207
2532,1180436
2533,1181961
2534,1183621
2535,1184509
2536,1184756
2537,1187364
2538,1189243
2539,1189782
2540,1190950
2541,1191068
2542,1192271
2543,1193324
2544,1194432
2545,1195655
2546,1198522
2547,1199551
2548,1200424
2549,1207520
2550,1207725
2551,1209103
2552,1209653
2553,1210313
2554,1210675
2555,1215633
2556,1218826
2557,1219636
2558,1219807
2559,1220489
2560,1220661
2561,1221109
2562,1222451
2563,1222796
2564,1224303
2565,1224451
2566,1226447
2567,1227230
2568,1227772
2569,1228440
2570,1230277
2571,1231837
2572,1233315
2573,1233414
2574,1233940
2575,1234515
2576,1234770
2577,1235255
2578,1238271
2579,1239569
2580,1240505
2581,1242864
2582,1243904
2583,1246408
2584,1247290
2585,1247931
2586,1248971
2587,1250392
2588,1250763
2589,1251279
2590,1251603
2591,1252511
2592,1253543
2593,1254504
2594,1254662
2595,1257861
2596,1258377
2597,1259204
2598,1263723
2599,1264978
2600,1266723
2601,1267950
2602,1277561
2603,1279125
2604,1280157
2605,1280339
2606,1280489
2607,1280873
2608,1280874
2609,1281090
2610,1281839
2611,1282223
2612,1284052
2613,1284818
2614,1287358
2615,1287658
2616,1289801
2617,1291189
2618,1294751
2619,1294852
2620,1295977
2621,1296253
2622,1296436
2623,1297092
2624,1298637
2625,1298911
2626,1299207
2627,1300488
2628,1301461
2629,1301716
2630,1302502
2631,1302827
2632,1306802
2633,1309914
2634,1310134
2635,1310640
2636,1310752
2637,1310981
2638,1312981
2639,1313507
2640,1316038
2641,1317046
2642,1317224
2643,1317442
2644,1320822
2645,1322589
2646,1322598
2647,1323691
2648,1325980
2649,1326510
2650,1326782
2651,1327080
2652,1327296
2653,1328572
2654,1329202
2655,1331514
2656,1331700
2657,1331718
2658,1333178
2659,1336038
2660,1336396
2661,1336971
2662,1339516
2663,1339915
2664,1340967
2665,1342004
2666,1344718
2667,1345118
2668,1345753
2669,1346872
2670,1347141
2671,1348683
2672,1349206
2673,1349579
2674,1349603
2675,1350428
2676,1350429
2677,1353369
2678,1353780
2679,1354122
2680,1354760
2681,1355325
2682,1359691
2683,1361108
2684,1367052
2685,1367376
2686,2860
2687,4089
2688,5043
2689,9538
2690,10313
2691,10444
2692,10992
2693,14062
2694,14130
2695,14225
2696,15267
2697,16415
2698,18248
2699,19918
2700,21446
2701,21518
2702,22431
2703,23455
2704,25105
2705,25719
2706,26151
2707,26375
2708,26451
2709,27378
2710,28039
2711,28040
2712,28479
2713,28692
2714,29006
2715,30794
2716,31801
2717,32301
2718,32507
2719,33169
2720,33915
2721,34112
2722,34201
2723,35778
2724,37648
2725,42284
2726,44427
2727,44880
2728,44901
2729,47498
2730,47759
2731,48070
2732,49195
2733,50851
2734,50887
2735,51736
2736,57666
2737,59519
2738,59538
2739,59941
2740,60700
2741,62763
2742,63093
2743,64647
2744,65236
2745,65574
2746,67287
2747,69485
2748,72276
2749,72520
2750,75762
2751,76099
2752,76645
2753,76716
2754,77226
2755,79515
2756,82563
2757,82719
2758,84937
2759,87060
2760,87141
2761,87372
2762,87570
2763,88337
2764,92930
2765,93211
2766,93425
2767,97525
2768,98307
2769,100686
2770,101338
2771,102546
2772,103965
2773,105822
2774,105846
2775,106283
2776,106787
2777,107099
2778,108873
2779,109385
2780,110478
2781,111499
2782,113324
2783,114247
2784,116724
2785,118784
2786,119379
2787,124064
2788,124737
2789,124781
2790,124966
2791,129721
2792,130352
2793,130723
2794,131615
2795,133404
2796,133681
2797,135206
2798,136409
2799,136688
2800,137227
2801,139031
2802,139193
2803,142464
2804,144059
2805,144809
2806,146162
2807,146657
2808,147036
2809,148852
2810,149017
2811,149570
2812,150356
2813,150704
2814,151096
2815,151368
2816,152402
2817,154324
2818,157461
2819,157855
2820,158675
2821,159388
2822,159821
2823,160599
2824,162001
2825,164380
2826,165621
2827,167277
2828,169297
2829,169392
2830,169448
2831,169763
2832,172712
2833,173537
2834,176971
2835,177672
2836,178428
2837,179483
2838,179677
2839,182506
2840,182862
2841,182888
2842,183516
2843,184477
2844,184501
2845,186372
2846,188559
2847,188738
2848,188905
2849,192013
2850,194006
2851,194284
2852,194636
2853,194824
2854,197299
2855,199655
2856,200112
2857,201474
2858,202527
2859,205270
2860,207153
2861,208877
2862,208974
2863,210626
2864,211834
2865,212720
2866,213440
2867,213589
2868,213742
2869,215364
2870,218041
2871,218808
2872,218958
2873,219179
2874,221935
2875,223364
2876,225247
2877,227982
2878,229829
2879,229969
2880,231756
2881,232898
2882,233817
2883,234035
2884,234667
2885,235266
2886,236868
2887,239420
2888,241673
2889,242114
2890,242749
2891,242817
2892,242860
2893,243669
2894,244412
2895,246025
2896,247775
2897,250359
2898,252696
2899,253461
2900,257182
2901,257881
2902,258048
2903,258124
2904,258416
2905,258641
2906,259859
2907,262052
2908,262690
2909,263827
2910,265193
2911,265330
2912,266727
2913,267114
2914,268721
2915,270154
2916,272846
2917,273244
2918,273487
2919,274323
2920,274680
2921,276967
2922,277377
2923,277522
2924,277537
2925,278442
2926,278529
2927,281535
2928,281827
2929,285736
2930,288695
2931,288859
2932,289070
2933,290636
2934,291513
2935,292074
2936,293041
2937,293733
2938,297264
2939,299476
2940,299732
2941,302399
2942,304790
2943,306329
2944,306569
2945,307151
2946,308956
2947,310271
2948,311017
2949,311193
2950,311270
2951,311371
2952,312623
2953,313308
2954,318345
2955,319273
2956,321864
2957,322904
2958,323209
2959,323287
2960,327668
2961,331378
2962,331719
2963,334719
2964,334928
2965,335735
2966,336530
2967,337364
2968,337417
2969,338792
2970,339373
2971,339564
2972,340056
2973,340061
2974,340262
2975,341317
2976,342388
2977,343251
2978,343460
2979,343848
2980,344446
2981,346026
2982,346113
2983,346583
2984,346898
2985,347482
2986,348664
2987,348836
2988,349696
2989,350438
2990,353080
2991,353769
2992,356677
2993,357689
2994,360862
2995,361159
2996,362066
2997,363341
2998,363852
2999,365144
3000,366016
3001,368009
3002,369479
3003,370017
3004,372742
3005,374857
3006,375389
3007,376819
3008,377224
3009,377574
3010,388173
3011,390882
3012,399335
3013,399922
3014,402421
3015,402984
3016,404777
3017,405441
3018,407229
3019,407275
3020,409914
3021,411630
3022,412246
3023,412539
3024,413892
3025,419466
3026,419516
3027,422356
3028,423866
3029,427204
3030,428854
3031,430125
3032,430348
3033,431295
3034,431676
3035,432348
3036,432466
3037,433430
3038,433537
3039,434324
3040,434806
3041,435181
3042,435742
3043,437458
3044,437464
3045,437472
3046,439396
3047,444170
3048,446386
3049,446570
3050,447133
3051,447601
3052,448998
3053,451579
3054,451634
3055,451640
3056,453180
3057,458262
3058,459217
3059,459377
3060,462531
3061,463256
3062,466362
3063,467328
3064,470149
3065,471608
3066,474042
3067,474895
3068,475114
3069,475423
3070,475897
3071,477208
3072,477447
3073,478160
3074,478170
3075,478673
3076,478767
3077,478972
3078,479426
3079,480458
3080,480550
3081,480693
3082,483458
3083,483625
3084,483746
3085,483922
3086,484145
3087,485530
3088,487800
3089,488124
3090,490726
3091,491497
3092,492730
3093,494143
3094,495118
3095,499098
3096,500209
3097,500288
3098,501320
3099,501648
3100,506187
3101,506692
3102,509758
3103,512039
3104,512627
3105,513176
3106,513817
3107,514891
3108,515233
3109,516396
3110,518021
3111,519341
3112,519422
3113,519562
3114,520264
3115,520745
3116,521793
3117,522952
3118,523147
3119,523746
3120,525288
3121,526076
3122,530224
3123,531701
3124,533141
3125,535328
3126,535382
3127,536378
3128,537979
3129,538068
3130,540876
3131,540949
3132,541307
3133,542934
3134,543017
3135,544199
3136,544455
3137,548128
3138,550372
3139,550755
3140,553225
3141,555293
3142,556097
3143,556980
3144,559843
3145,562413
3146,562465
3147,562574
3148,562900
3149,565261
3150,565677
3151,566245
3152,567043
3153,568874
3154,570475
3155,572027
3156,572291
3157,572921
3158,573346
3159,574012
3160,574251
3161,578737
3162,581079
3163,582693
3164,582736
3165,584067
3166,586585
3167,588368
3168,591122
3169,591420
3170,592268
3171,594181
3172,594254
3173,595054
3174,595234
3175,595430
3176,597366
3177,597882
3178,598383
3179,599103
3180,600033
3181,604256
3182,605382
3183,608733
3184,610849
3185,611069
3186,611217
3187,611979
3188,612206
3189,612744
3190,613957
3191,614276
3192,617579
3193,619217
3194,619785
3195,619810
3196,623102
3197,623696
3198,624204
3199,630083
3200,630822
3201,630827
3202,633648
3203,636370
3204,637372
3205,637671
3206,639405
3207,640011
3208,642807
3209,645076
3210,645146
3211,645285
3212,645902
3213,646721
3214,647700
3215,648523
3216,650295
3217,650453
3218,652677
3219,652881
3220,652974
3221,653262
3222,654078
3223,655128
3224,655185
3225,656292
3226,663052
3227,663133
3228,664036
3229,664319
3230,668324
3231,671785
3232,672057
3233,672740
3234,674589
3235,674927
3236,676135
3237,676656
3238,676822
3239,678861
3240,679732
3241,681847
3242,685750
3243,686692
3244,688017
3245,690035
3246,691728
3247,693748
3248,695483
3249,696384
3250,699467
3251,699867
3252,700016
3253,700706
3254,701169
3255,701177
3256,702979
3257,703788
3258,705891
3259,709359
3260,714839
3261,715680
3262,717004
3263,717538
3264,717793
3265,717973
3266,718011
3267,718554
3268,719039
3269,720400
3270,722344
3271,723404
3272,726377
3273,726571
3274,727667
3275,731624
3276,735276
3277,735385
3278,736436
3279,738641
3280,739835
3281,740086
3282,740787
3283,742008
3284,746387
3285,746436
3286,747680
3287,748958
3288,749787
3289,749799
3290,749873
3291,752588
3292,756474
3293,756737
3294,757989
3295,758869
3296,760057
3297,760436
3298,760790
3299,762020
3300,764237
3301,764455
3302,764633
3303,765451
3304,767805
3305,768436
3306,770252
3307,770882
3308,773884
3309,774465
3310,775950
3311,778186
3312,779294
3313,781231
3314,781978
3315,782490
3316,783938
3317,784458
3318,788120
3319,789216
3320,791055
3321,791255
3322,791782
3323,794117
3324,795119
3325,802264
3326,802695
3327,802811
3328,805050
3329,806093
3330,806392
3331,807290
3332,808030
3333,808706
3334,809033
3335,811138
3336,811821
3337,812792
3338,813525
3339,815935
3340,818867
3341,819804
3342,819837
3343,820413
3344,827004
3345,827031
3346,828204
3347,828727
3348,828800
3349,829277
3350,829515
3351,829785
3352,831590
3353,832766
3354,833165
3355,834899
3356,836979
3357,837025
3358,839540
3359,840987
3360,841023
3361,841054
3362,841191
3363,841607
3364,842357
3365,844546
3366,845906
3367,847381
3368,848159
3369,848327
3370,848465
3371,848655
3372,851110
3373,852712
3374,856058
3375,859369
3376,860871
3377,861070
3378,862967
3379,864757
3380,865496
3381,865966
3382,866040
3383,866674
3384,874298
3385,875494
3386,880304
3387,880611
3388,880921
3389,883584
3390,883751
3391,884583
3392,885190
3393,885476
3394,888404
3395,888834
3396,892090
3397,892152
3398,892774
3399,895220
3400,895774
3401,896987
3402,898865
3403,901367
3404,901592
3405,903486
3406,904348
3407,904505
3408,909731
3409,913367
3410,913649
3411,914810
3412,915214
3413,919190
3414,920073
3415,921082
3416,921216
3417,925894
3418,927178
3419,927352
3420,928130
3421,928199
3422,928406
3423,928820
3424,929009
3425,929308
3426,930024
3427,932743
3428,933266
3429,933787
3430,934005
3431,934622
3432,934645
3433,936146
3434,936202
3435,936489
3436,936897
3437,937475
3438,937958
3439,939703
3440,940133
3441,944868
3442,945371
3443,950588
3444,953244
3445,955226
3446,955884
3447,957623
3448,959662
3449,960030
3450,962869
3451,963949
3452,968143
3453,970924
3454,971324
3455,972229
3456,972836
3457,973770
3458,974567
3459,975530
3460,976332
3461,977377
3462,978123
3463,978216
3464,982239
3465,982694
3466,983258
3467,984757
3468,985250
3469,985757
3470,986234
3471,988353
3472,988864
3473,989274
3474,990340
3475,991068
3476,992564
3477,992693
3478,995050
3479,997755
3480,1001140
3481,1002100
3482,1002874
3483,1004121
3484,1004632
3485,1005035
3486,1005072
3487,1006336
3488,1008455
3489,1008871
3490,1009426
3491,1009772
3492,1011311
3493,1012487
3494,1012764
3495,1013344
3496,1014305
3497,1016186
3498,1016745
3499,1017747
3500,1020053
3501,1020274
3502,1021074
3503,1022311
3504,1024095
3505,1024921
3506,1025700
3507,1026539
3508,1027257
3509,1031290
3510,1032264
3511,1032343
3512,1032351
3513,1032644
3514,1032893
3515,1035302
3516,1035975
3517,1036515
3518,1036929
3519,1036970
3520,1038845
3521,1039633
3522,1042154
3523,1042772
3524,1044413
3525,1047535
3526,1048075
3527,1048467
3528,1049584
3529,1050185
3530,1050450
3531,1050484
3532,1050609
3533,1052086
3534,1052220
3535,1052349
3536,1054355
3537,1054600
3538,1054888
3539,1056680
3540,1056865
3541,1056875
3542,1057102
3543,1057487
3544,1058427
3545,1058566
3546,1058600
3547,1059042
3548,1059094
3549,1059657
3550,1061039
3551,1062749
3552,1062770
3553,1063139
3554,1063282
3555,1064498
3556,1067239
3557,1069683
3558,1074201
3559,1074275
3560,1078408
3561,1078696
3562,1079664
3563,1080580
3564,1081013
3565,1081065
3566,1081360
3567,1082378
3568,1084577
3569,1085140
3570,1088484
3571,1088497
3572,1091064
3573,1091352
3574,1095422
3575,1095721
3576,1099270
3577,1100736
3578,1101120
3579,1102487
3580,1102999
3581,1104534
3582,1104796
3583,1105188
3584,1105461
3585,1107412
3586,1108049
3587,1110762
3588,1113810
3589,1114552
3590,1116159
3591,1116606
3592,1118421
3593,1119817
3594,1123112
3595,1123651
3596,1124210
3597,1125591
3598,1127371
3599,1127478
3600,1128890
3601,1133395
3602,1138935
3603,1142491
3604,1142632
3605,1143066
3606,1143583
3607,1145006
3608,1145639
3609,1146340
3610,1147874
3611,1151113
3612,1153045
3613,1153485
3614,1154142
3615,1154282
3616,1157321
3617,1159184
3618,1159446
3619,1160122
3620,1160154
3621,1163361
3622,1163489
3623,1165911
3624,1166599
3625,1167812
3626,1168286
3627,1169241
3628,1169638
3629,1169750
3630,1169754
3631,1171630
3632,1171648
3633,1172261
3634,1172787
3635,1172981
3636,1173001
3637,1173879
3638,1174048
3639,1174132
3640,1174699
3641,1175023
3642,1175908
3643,1178079
3644,1179167
3645,1181294
3646,1182597
3647,1182753
3648,1184799
3649,1185787
3650,1188927
3651,1189421
3652,1191512
3653,1191654
3654,1191838
3655,1191855
3656,1192032
3657,1192528
3658,1192672
3659,1195047
3660,1195269
3661,1195753
3662,1196408
3663,1197246
3664,1199277
3665,1199624
3666,1202735
3667,1203810
3668,1206725
3669,1206746
3670,1208700
3671,1209397
3672,1209778
3673,1210830
3674,1211627
3675,1213505
3676,1216066
3677,1217177
3678,1217370
3679,1218035
3680,1218100
3681,1219684
3682,1220289
3683,1225344
3684,1226535
3685,1227979
3686,1228132
3687,1228652
3688,1230400
3689,1230917
3690,1234314
3691,1236417
3692,1237549
3693,1240294
3694,1241399
3695,1241517
3696,1243440
3697,1244398
3698,1244745
3699,1245307
3700,1246098
3701,1246252
3702,1247572
3703,1248817
3704,1249956
3705,1250257
3706,1253003
3707,1253584
3708,1254278
3709,1254876
3710,1257065
3711,1257811
3712,1257927
3713,1258407
3714,1260490
3715,1261137
3716,1261441
3717,1263288
3718,1263535
3719,1265070
3720,1265723
3721,1265796
3722,1266621
3723,1269346
3724,1270016
3725,1270110
3726,1270654
3727,1271012
3728,1272524
3729,1272622
3730,1272673
3731,1274221
3732,1275658
3733,1276206
3734,1276870
3735,1276923
3736,1278700
3737,1280990
3738,1281971
3739,1284118
3740,1285063
3741,1285255
3742,1285467
3743,1288656
3744,1288860
3745,1290325
3746,1290801
3747,1290887
3748,1290975
3749,1291074
3750,1291329
3751,1292199
3752,1292209
3753,1295699
3754,1297035
3755,1299764
3756,1300256
3757,1300310
3758,1301734
3759,1302144
3760,1302872
3761,1303149
3762,1303328
3763,1304441
3764,1307180
3765,1307240
3766,1312493
3767,1314105
3768,1314426
3769,1314654
3770,1315199
3771,1316252
3772,1316534
3773,1318838
3774,1321750
3775,1322669
3776,1323737
3777,1323936
3778,1324884
3779,1326643
3780,1327654
3781,1328082
3782,1328450
3783,1330671
3784,1331165
3785,1331538
3786,1332164
3787,1336833
3788,1338808
3789,1339117
3790,1339260
3791,1339547
3792,1340831
3793,1341804
3794,1341926
3795,1342629
3796,1342936
3797,1345716
3798,1345807
3799,1347707
3800,1352907
3801,1356357
3802,1356927
3803,1357326
3804,1357524
3805,1357678
3806,1359442
3807,1363600
3808,1364723
3809,1365005
3810,1369164
3811,1369351
3812,842
3813,2964
3814,3622
3815,4399
3816,5091
3817,6493
3818,9545
3819,10479
3820,19213
3821,20955
3822,24558
3823,24977
3824,26992
3825,26996
3826,29002
3827,30331
3828,31236
3829,33482
3830,33841
3831,37218
3832,37375
3833,40032
3834,42334
3835,44744
3836,45377
3837,45893
3838,47936
3839,49674
3840,52119
3841,52853
3842,54330
3843,54551
3844,55408
3845,59016
3846,59370
3847,60524
3848,64541
3849,64968
3850,65186
3851,65377
3852,67593
3853,67910
3854,68121
3855,69302
3856,69575
3857,69637
3858,69809
3859,71427
3860,72495
3861,72723
3862,74137
3863,76426
3864,76691
3865,78955
3866,79039
3867,80136
3868,82029
3869,84308
3870,84344
3871,86362
3872,91090
3873,92931
3874,93270
3875,94437
3876,96808
3877,99329
3878,100620
3879,100678
3880,101027
3881,102470
3882,105194
3883,105409
3884,106186
3885,107452
3886,110397
3887,111936
3888,112459
3889,112624
3890,114237
3891,114297
3892,114507
3893,118283
3894,118703
3895,119164
3896,119541
3897,120776
3898,121475
3899,122136
3900,123366
3901,124230
3902,124446
3903,125552
3904,126041
3905,128546
3906,133300
3907,135636
3908,136809
3909,137783
3910,138290
3911,138645
3912,141726
3913,141739
3914,143056
3915,144558
3916,144596
3917,144708
3918,145262
3919,145692
3920,147689
3921,149054
3922,149474
3923,149606
3924,150445
3925,151961
3926,154661
3927,157280
3928,158450
3929,160983
3930,163849
3931,165316
3932,170169
3933,172733
3934,174612
3935,178562
3936,178842
3937,180511
3938,182239
3939,182650
3940,182992
3941,184961
3942,185887
3943,189321
3944,190179
3945,203347
3946,203552
3947,204163
3948,204168
3949,205954
3950,207630
3951,208764
3952,211063
3953,215025
3954,217322
3955,217498
3956,218155
3957,219131
3958,219889
3959,221630
3960,221741
3961,223830
3962,225034
3963,225101
3964,227766
3965,228946
3966,234036
3967,234111
3968,234535
3969,234703
3970,238023
3971,238744
3972,238820
3973,239928
3974,240462
3975,240991
3976,242028
3977,244485
3978,247548
3979,248789
3980,249154
3981,249913
3982,251439
3983,254149
3984,254627
3985,255604
3986,257235
3987,257660
3988,259675
3989,261669
3990,262746
3991,264475
3992,265818
3993,266145
3994,270243
3995,270316
3996,270850
3997,272794
3998,272914
3999,273394
4000,273515
4001,275282
4002,275641
4003,275797
4004,276113
4005,278238
4006,278685
4007,278798
4008,279389
4009,280292
4010,282307
4011,282501
4012,282638
4013,282779
4014,284365
4015,286542
4016,286600
4017,287125
4018,287413
4019,288254
4020,288276
4021,289675
4022,290814
4023,292308
4024,292744
4025,293015
4026,294409
4027,295829
4028,298103
4029,298614
4030,298621
4031,299547
4032,299931
4033,300887
4034,303832
4035,304482
4036,307374
4037,308853
4038,309793
4039,310091
4040,310394
4041,312529
4042,313043
4043,317472
4044,317827
4045,318756
4046,319631
4047,319818
4048,319945
4049,320997
4050,322385
4051,322629
4052,323789
4053,324202
4054,325682
4055,326846
4056,327414
4057,327633
4058,330564
4059,331238
4060,331668
4061,332671
4062,334300
4063,336821
4064,341742
4065,342936
4066,343055
4067,346286
4068,348928
4069,351152
4070,351397
4071,351626
4072,355377
4073,356252
4074,356853
4075,358064
4076,359164
4077,362556
4078,366396
4079,368367
4080,368614
4081,369529
4082,372943
4083,373521
4084,374680
4085,375258
4086,375626
4087,375639
4088,375969
4089,376915
4090,379665
4091,382123
4092,383100
4093,383440
4094,383726
4095,384426
4096,385746
4097,386636
4098,387320
4099,389383
4100,391356
4101,393617
4102,396046
4103,397866
4104,398074
4105,398756
4106,400307
4107,400883
4108,401583
4109,401879
4110,402127
4111,402877
4112,403079
4113,404438
4114,405591
4115,407036
4116,407596
4117,412908
4118,412988
4119,413211
4120,420187
4121,422848
4122,423847
4123,424619
4124,426010
4125,426179
4126,428887
4127,429349
4128,429654
4129,432632
4130,433990
4131,436777
4132,440175
4133,446014
4134,446596
4135,447953
4136,449216
4137,449476
4138,449482
4139,451253
4140,451841
4141,452603
4142,455985
4143,456521
4144,459642
4145,461564
4146,465531
4147,466103
4148,466300
4149,469502
4150,471687
4151,472570
4152,473139
4153,473676
4154,474383
4155,480133
4156,481627
4157,482528
4158,485643
4159,487004
4160,489853
4161,491443
4162,492028
4163,492032
4164,497049
4165,497470
4166,497906
4167,500145
4168,501924
4169,503306
4170,503934
4171,505450
4172,507352
4173,507942
4174,508969
4175,510530
4176,510848
4177,511153
4178,511251
4179,511273
4180,511454
4181,512430
4182,512826
4183,514081
4184,517481
4185,522587
4186,524176
4187,524197
4188,525653
4189,525800
4190,525852
4191,528295
4192,530512
4193,530801
4194,531079
4195,531135
4196,534907
4197,535832
4198,535927
4199,535965
4200,539032
4201,541396
4202,543472
4203,546392
4204,548265
4205,550609
4206,551149
4207,551752
4208,553301
4209,553850
4210,554242
4211,554563
4212,554800
4213,562739
4214,563543
4215,563679
4216,568569
4217,572405
4218,573600
4219,573639
4220,574135
4221,574343
4222,575228
4223,575260
4224,575970
4225,579627
4226,581700
4227,582335
4228,583247
4229,584308
4230,585234
4231,585448
4232,587420
4233,587740
4234,588040
4235,590716
4236,592554
4237,593234
4238,594017
4239,594723
4240,594931
4241,595209
4242,596134
4243,596737
4244,598002
4245,598103
4246,598582
4247,600015
4248,600494
4249,601090
4250,602432
4251,602677
4252,603532
4253,604615
4254,611396
4255,612381
4256,613781
4257,613999
4258,620675
4259,622377
4260,622431
4261,622934
4262,622956
4263,623106
4264,628546
4265,630041
4266,631688
4267,633352
4268,634594
4269,634640
4270,635928
4271,635986
4272,637057
4273,638435
4274,640503
4275,640537
4276,641248
4277,642120
4278,642745
4279,643317
4280,643952
4281,644371
4282,645335
4283,646464
4284,648769
4285,649479
4286,652907
4287,653155
4288,654232
4289,654989
4290,655584
4291,655672
4292,656333
4293,658845
4294,658874
4295,659207
4296,661387
4297,661718
4298,664546
4299,668520
4300,668875
4301,671153
4302,672931
4303,674820
4304,676732
4305,677104
4306,678505
4307,679689
4308,682080
4309,683657
4310,684041
4311,685905
4312,687152
4313,687794
4314,690516
4315,694018
4316,696036
4317,696609
4318,698023
4319,699407
4320,699761
4321,702067
4322,704371
4323,704394
4324,704762
4325,704955
4326,706065
4327,706567
4328,707743
4329,707802
4330,708316
4331,708640
4332,708658
4333,709610
4334,712043
4335,719545
4336,723378
4337,723839
4338,725833
4339,727783
4340,729484
4341,734058
4342,736476
4343,736514
4344,736741
4345,737261
4346,737854
4347,742123
4348,742365
4349,743333
4350,744484
4351,745490
4352,746536
4353,746615
4354,747728
4355,749073
4356,750676
4357,752748
4358,755931
4359,756486
4360,758051
4361,759661
4362,761097
4363,766138
4364,768530
4365,769765
4366,773189
4367,773372
4368,775441
4369,776387
4370,777115
4371,777931
4372,780640
4373,782806
4374,782877
4375,783234
4376,783308
4377,783827
4378,784244
4379,784724
4380,785005
4381,786662
4382,786882
4383,788086
4384,788691
4385,790499
4386,790842
4387,791324
4388,792080
4389,792534
4390,792962
4391,793157
4392,801821
4393,802020
4394,803260
4395,803483
4396,803503
4397,804208
4398,804389
4399,805138
4400,806214
4401,811564
4402,812080
4403,814229
4404,815933
4405,816347
4406,820580
4407,821486
4408,823895
4409,823943
4410,824766
4411,825785
4412,826641
4413,828881
4414,830519
4415,833885
4416,836108
4417,839897
4418,842297
4419,844943
4420,846217
4421,846458
4422,848620
4423,849220
4424,849327
4425,850658
4426,850904
4427,853482
4428,853868
4429,854966
4430,855856
4431,855966
4432,856388
4433,859776
4434,860258
4435,860530
4436,860659
4437,862819
4438,863930
4439,864193
4440,865742
4441,866452
4442,867261
4443,867796
4444,871613
4445,872791
4446,875290
4447,875386
4448,876725
4449,876965
4450,877178
4451,880211
4452,882614
4453,885210
4454,885371
4455,885710
4456,886182
4457,886574
4458,887069
4459,888284
4460,889010
4461,889287
4462,889341
4463,889504
4464,889981
4465,890176
4466,890940
4467,891284
4468,893475
4469,893757
4470,893797
4471,894849
4472,897709
4473,898394
4474,898668
4475,898755
4476,899170
4477,899728
4478,901702
4479,904297
4480,904563
4481,904783
4482,904926
4483,905396
4484,909517
4485,910345
4486,911311
4487,912293
4488,912346
4489,913102
4490,914811
4491,917838
4492,918747
4493,918837
4494,920401
4495,921120
4496,921485
4497,925252
4498,925886
4499,926021
4500,926732
4501,928974
4502,929381
4503,931257
4504,931709
4505,932100
4506,932206
4507,933358
4508,934215
4509,935011
4510,938410
4511,939853
4512,941507
4513,941897
4514,942746
4515,945779
4516,945896
4517,945936
4518,948265
4519,949030
4520,949210
4521,951015
4522,951439
4523,952467
4524,953287
4525,957199
4526,959922
4527,961530
4528,964661
4529,965320
4530,968446
4531,970196
4532,974187
4533,974263
4534,975427
4535,975534
4536,976440
4537,978235
4538,979663
4539,980728
4540,982566
4541,985373
4542,985618
4543,987932
4544,988809
4545,988870
4546,989397
4547,991022
4548,991155
4549,992732
4550,993225
4551,996634
4552,996875
4553,997322
4554,997573
4555,997765
4556,998039
4557,1003180
4558,1003949
4559,1006120
4560,1007551
4561,1008074
4562,1008083
4563,1014124
4564,1016298
4565,1016373
4566,1019292
4567,1019871
4568,1020519
4569,1021654
4570,1023595
4571,1025679
4572,1025845
4573,1028439
4574,1029754
4575,1029829
4576,1030864
4577,1030980
4578,1032081
4579,1032864
4580,1033640
4581,1033839
4582,1036466
4583,1036674
4584,1036905
4585,1037810
4586,1038175
4587,1038914
4588,1040158
4589,1040533
4590,1040669
4591,1040801
4592,1040906
4593,1042946
4594,1043175
4595,1044633
4596,1045047
4597,1045109
4598,1049658
4599,1053370
4600,1053950
4601,1054650
4602,1060722
4603,1064174
4604,1065447
4605,1066425
4606,1067115
4607,1071302
4608,1071601
4609,1072725
4610,1073658
4611,1075727
4612,1076353
4613,1076651
4614,1078248
4615,1079597
4616,1079700
4617,1082983
4618,1083469
4619,1083599
4620,1086791
4621,1091251
4622,1091567
4623,1091798
4624,1093569
4625,1094646
4626,1096499
4627,1097469
4628,1098877
4629,1101894
4630,1102224
4631,1115608
4632,1116599
4633,1116658
4634,1116750
4635,1117677
4636,1118175
4637,1119200
4638,1120928
4639,1121349
4640,1122649
4641,1124859
4642,1129532
4643,1130352
4644,1133607
4645,1137040
4646,1139361
4647,1142796
4648,1148069
4649,1150614
4650,1151600
4651,1151607
4652,1152289
4653,1153536
4654,1153689
4655,1157495
4656,1159113
4657,1159833
4658,1163793
4659,1165776
4660,1167476
4661,1169796
4662,1170156
4663,1170640
4664,1172440
4665,1176453
4666,1176542
4667,1176864
4668,1178307
4669,1179827
4670,1181073
4671,1181368
4672,1190095
4673,1191775
4674,1192274
4675,1199807
4676,1202132
4677,1203152
4678,1203153
4679,1204057
4680,1205241
4681,1206215
4682,1208434
4683,1208795
4684,1209681
4685,1209826
4686,1211125
4687,1213563
4688,1215687
4689,1217715
4690,1217892
4691,1221391
4692,1221561
4693,1221606
4694,1222143
4695,1222891
4696,1223521
4697,1224930
4698,1226575
4699,1228519
4700,1228613
4701,1229077
4702,1229910
4703,1231008
4704,1232293
4705,1232742
4706,1233381
4707,1233609
4708,1235012
4709,1235703
4710,1237357
4711,1238962
4712,1239083
4713,1239232
4714,1239640
4715,1240219
4716,1241574
4717,1242327
4718,1246712
4719,1247396
4720,1248297
4721,1248986
4722,1249158
4723,1249542
4724,1250497
4725,1250699
4726,1251069
4727,1252411
4728,1252627
4729,1253165
4730,1255802
4731,1264319
4732,1268324
4733,1269928
4734,1275565
4735,1281456
4736,1282714
4737,1282819
4738,1282856
4739,1283453
4740,1283928
4741,1285390
4742,1286239
4743,1288179
4744,1289469
4745,1293816
4746,1295571
4747,1295724
4748,1297156
4749,1297613
4750,1298404
4751,1298533
4752,1302209
4753,1303648
4754,1303822
4755,1303925
4756,1305248
4757,1307518
4758,1307615
4759,1308873
4760,1309281
4761,1312906
4762,1313098
4763,1313897
4764,1315383
4765,1318339
4766,1319247
4767,1320511
4768,1321259
4769,1322335
4770,1323640
4771,1323659
4772,1325124
4773,1326014
4774,1326084
4775,1326940
4776,1329558
4777,1330519
4778,1331425
4779,1335972
4780,1336999
4781,1338021
4782,1339184
4783,1339195
4784,1339791
4785,1340836
4786,1342266
4787,1344021
4788,1344402
4789,1344541
4790,1347349
4791,1348712
4792,1351105
4793,1351672
4794,1351948
4795,1354003
4796,1354173
4797,1355470
4798,1356277
4799,1356352
4800,1357088
4801,1358320
4802,1358935
4803,1359001
4804,1361997
4805,1365233
4806,1365908
4807,1367225
4808,3683
4809,5491
4810,6197
4811,7825
4812,10613
4813,15792
4814,18360
4815,18604
4816,19178
4817,37867
4818,41831
4819,42176
4820,44104
4821,47107
4822,47500
4823,48000
4824,48101
4825,56814
4826,56892
4827,58537
4828,60588
4829,61861
4830,62242
4831,62647
4832,64997
4833,65517
4834,66553
4835,68800
4836,72072
4837,73924
4838,74398
4839,74765
4840,75067
4841,80409
4842,80835
4843,96922
4844,99222
4845,101641
4846,104557
4847,105808
4848,106030
4849,106664
4850,107658
4851,110206
4852,110890
4853,111022
4854,113348
4855,114998
4856,115278
4857,118527
4858,119325
4859,125294
4860,133350
4861,133785
4862,134652
4863,134669
4864,134736
4865,135677
4866,136383
4867,136803
4868,137609
4869,141451
4870,144172
4871,145286
4872,145664
4873,148520
4874,149722
4875,150405
4876,151466
4877,152555
4878,152615
4879,155689
4880,155948
4881,157320
4882,157816
4883,157920
4884,159887
4885,163738
4886,163903
4887,166439
4888,169067
4889,170173
4890,170351
4891,177125
4892,180510
4893,180878
4894,181117
4895,181231
4896,181988
4897,186458
4898,188153
4899,188789
4900,191250
4901,191392
4902,191791
4903,192100
4904,193717
4905,194466
4906,194551
4907,194851
4908,196802
4909,198524
4910,199163
4911,200214
4912,200834
4913,202745
4914,202998
4915,203870
4916,205105
4917,208285
4918,212692
4919,214947
4920,216750
4921,220522
4922,220754
4923,221162
4924,227638
4925,229284
4926,232352
4927,232507
4928,236985
4929,241248
4930,242188
4931,242979
4932,243684
4933,244069
4934,244105
4935,244697
4936,245082
4937,247793
4938,249143
4939,249238
4940,250485
4941,253563
4942,253845
4943,254330
4944,254488
4945,257478
4946,257536
4947,258404
4948,258703
4949,260619
4950,261621
4951,262609
4952,267498
4953,267764
4954,268281
4955,269240
4956,270091
4957,274421
4958,278551
4959,279131
4960,279856
4961,283908
4962,285144
4963,286299
4964,288136
4965,290466
4966,290895
4967,293140
4968,294771
4969,299108
4970,301862
4971,304663
4972,305795
4973,307746
4974,310727
4975,310767
4976,312434
4977,313686
4978,318152
4979,319291
4980,327291
4981,330159
4982,337693
4983,341115
4984,345339
4985,345397
4986,345741
4987,348748
4988,350960
4989,352476
4990,352644
4991,353483
4992,353861
4993,354318
4994,354977
4995,360779
4996,360786
4997,360806
4998,365901
4999,366095
5000,374955
5001,375914
5002,378237
5003,379589
5004,381102
5005,382454
5006,383833
5007,384402
5008,386466
5009,392484
5010,396165
5011,400168
5012,401458
5013,404514
5014,404675
5015,405886
5016,408230
5017,408282
5018,408580
5019,409595
5020,410925
5021,415925
5022,418747
5023,421698
5024,422363
5025,424774
5026,428067
5027,428548
5028,429094
5029,431271
5030,433734
5031,434872
5032,434934
5033,435517
5034,435675
5035,437042
5036,437964
5037,440004
5038,440205
5039,445038
5040,445176
5041,449661
5042,449775
5043,449900
5044,450595
5045,452254
5046,456886
5047,457032
5048,457301
5049,460094
5050,460230
5051,464977
5052,466651
5053,466757
5054,468275
5055,470462
5056,471971
5057,473960
5058,477703
5059,479141
5060,482000
5061,486973
5062,490236
5063,490345
5064,491525
5065,494900
5066,495561
5067,496779
5068,497896
5069,498077
5070,501968
5071,502828
5072,504746
5073,505149
5074,506399
5075,506990
5076,508098
5077,509862
5078,510788
5079,513725
5080,516159
5081,517287
5082,517342
5083,521527
5084,522990
5085,524736
5086,528022
5087,529501
5088,530143
5089,535830
5090,536020
5091,537403
5092,542216
5093,545652
5094,550299
5095,551680
5096,553050
5097,554467
5098,556904
5099,561837
5100,562161
5101,562980
5102,562992
5103,563960
5104,564285
5105,564669
5106,565447
5107,569119
5108,570683
5109,572820
5110,573289
5111,576081
5112,576452
5113,576551
5114,576930
5115,577008
5116,579681
5117,580528
5118,581774
5119,581904
5120,584653
5121,585832
5122,586895
5123,589030
5124,589144
5125,589759
5126,590540
5127,590813
5128,592344
5129,593570
5130,596922
5131,596980
5132,598400
5133,599642
5134,600395
5135,603932
5136,604854
5137,609344
5138,613467
5139,613577
5140,614604
5141,615675
5142,615989
5143,622040
5144,622899
5145,625982
5146,626002
5147,626662
5148,628795
5149,629139
5150,629416
5151,632056
5152,635009
5153,642278
5154,642758
5155,646587
5156,646851
5157,649252
5158,656376
5159,657760
5160,662873
5161,663183
5162,666088
5163,668069
5164,669460
5165,670165
5166,670538
5167,670593
5168,672715
5169,673136
5170,675646
5171,677516
5172,679902
5173,679948
5174,680800
5175,680920
5176,683093
5177,684275
5178,685459
5179,687158
5180,688629
5181,690001
5182,690536
5183,690591
5184,692460
5185,693982
5186,697917
5187,700184
5188,705073
5189,706042
5190,706090
5191,706869
5192,707287
5193,708579
5194,711202
5195,711342
5196,713344
5197,713478
5198,713938
5199,715015
5200,715804
5201,716370
5202,717015
5203,717859
5204,718355
5205,718413
5206,719879
5207,726916
5208,728706
5209,729967
5210,730350
5211,730754
5212,733699
5213,735968
5214,737628
5215,738841
5216,743644
5217,744434
5218,745159
5219,748960
5220,750894
5221,752003
5222,753681
5223,756151
5224,757713
5225,758240
5226,759434
5227,760792
5228,761350
5229,763615
5230,766335
5231,767404
5232,768553
5233,772580
5234,772709
5235,774892
5236,775653
5237,776237
5238,779910
5239,780224
5240,780913
5241,784952
5242,785810
5243,786557
5244,794353
5245,795097
5246,796706
5247,805842
5248,807838
5249,808101
5250,814068
5251,816575
5252,820031
5253,821499
5254,821971
5255,825465
5256,828288
5257,829180
5258,831704
5259,832431
5260,832758
5261,835586
5262,837420
5263,837706
5264,841379
5265,842268
5266,845209
5267,845267
5268,847369
5269,849929
5270,850830
5271,850948
5272,853239
5273,854721
5274,854910
5275,855593
5276,857716
5277,860406
5278,864154
5279,864837
5280,865230
5281,865518
5282,866409
5283,866613
5284,866700
5285,869762
5286,870169
5287,870255
5288,870713
5289,871242
5290,872467
5291,872770
5292,872828
5293,875846
5294,876277
5295,877401
5296,880980
5297,887619
5298,890249
5299,894817
5300,895983
5301,899852
5302,901358
5303,901605
5304,901913
5305,904433
5306,911425
5307,912581
5308,913088
5309,913725
5310,913742
5311,915731
5312,917339
5313,917877
5314,918338
5315,919512
5316,923458
5317,927646
5318,928228
5319,928311
5320,928893
5321,929489
5322,930553
5323,932674
5324,932780
5325,934711
5326,936810
5327,939667
5328,940510
5329,943008
5330,943639
5331,945439
5332,946190
5333,948457
5334,950634
5335,954040
5336,954339
5337,956661
5338,959781
5339,959803
5340,959957
5341,960413
5342,965219
5343,965899
5344,966207
5345,966452
5346,967265
5347,970052
5348,971891
5349,973695
5350,974990
5351,975692
5352,976121
5353,977371
5354,982038
5355,982080
5356,982220
5357,982401
5358,984119
5359,986972
5360,987548
5361,989004
5362,994400
5363,995137
5364,996621
5365,997085
5366,1001751
5367,1004390
5368,1005194
5369,1005982
5370,1008944
5371,1011052
5372,1011752
5373,1015769
5374,1017606
5375,1019509
5376,1021306
5377,1021802
5378,1022672
5379,1023443
5380,1027061
5381,1030639
5382,1033222
5383,1034367
5384,1037722
5385,1038974
5386,1041028
5387,1041842
5388,1044826
5389,1051385
5390,1054095
5391,1055555
5392,1059973
5393,1061502
5394,1067291
5395,1070104
5396,1070979
5397,1074587
5398,1075449
5399,1075531
5400,1076499
5401,1076974
5402,1079565
5403,1081426
5404,1081881
5405,1082036
5406,1082251
5407,1086782
5408,1089290
5409,1092224
5410,1092874
5411,1094590
5412,1096630
5413,1097331
5414,1097934
5415,1098400
5416,1099413
5417,1101928
5418,1106149
5419,1107320
5420,1108041
5421,1109508
5422,1109740
5423,1112466
5424,1112842
5425,1113384
5426,1113493
5427,1119276
5428,1121688
5429,1121729
5430,1127078
5431,1130433
5432,1134805
5433,1136087
5434,1137546
5435,1140210
5436,1143019
5437,1145145
5438,1146043
5439,1148808
5440,1150963
5441,1151210
5442,1152267
5443,1152756
5444,1152980
5445,1154186
5446,1154249
5447,1155162
5448,1160289
5449,1162337
5450,1162741
5451,1163413
5452,1164357
5453,1164975
5454,1165346
5455,1165579
5456,1165962
5457,1166697
5458,1170333
5459,1173488
5460,1175900
5461,1177919
5462,1180889
5463,1181602
5464,1181632
5465,1182336
5466,1182572
5467,1183646
5468,1188998
5469,1190529
5470,1191414
5471,1192515
5472,1196133
5473,1196352
5474,1197177
5475,1197186
5476,1197820
5477,1198378
5478,1199304
5479,1199543
5480,1200079
5481,1201798
5482,1202536
5483,1202952
5484,1205324
5485,1208469
5486,1208770
5487,1209818
5488,1213514
5489,1216848
5490,1227593
5491,1231606
5492,1235108
5493,1237012
5494,1237307
5495,1239406
5496,1243050
5497,1243772
5498,1243939
5499,1245220
5500,1246265
5501,1247621
5502,1248398
5503,1249475
5504,1253707
5505,1257680
5506,1258165
5507,1258522
5508,1259884
5509,1260943
5510,1261253
5511,1262917
5512,1263428
5513,1263638
5514,1264413
5515,1264658
5516,1266470
5517,1269598
5518,1269661
5519,1271438
5520,1272854
5521,1273646
5522,1277070
5523,1278392
5524,1279219
5525,1279608
5526,1280511
5527,1281708
5528,1285534
5529,1290302
5530,1291422
5531,1292486
5532,1294945
5533,1295897
5534,1296084
5535,1299579
5536,1301642
5537,1303590
5538,1306408
5539,1306606
5540,1310845
5541,1311187
5542,1311642
5543,1312889
5544,1319624
5545,1321204
5546,1321510
5547,1327271
5548,1329799
5549,1333114
5550,1333903
5551,1337329
5552,1337841
5553,1340181
5554,1340960
5555,1341174
5556,1343335
5557,1345984
5558,1347331
5559,1350826
5560,1353510
5561,1354362
5562,1355031
5563,1355079
5564,1357467
5565,1358511
5566,1359628
5567,1359977
5568,1360894
5569,1364484
5570,1366518
5571,1368179
5572,1370655
5573,1371668
5574,1371813
5575,1371827
5576,1615
5577,1866
5578,8535
5579,8696
5580,9793
5581,11789
5582,17288
5583,17420
5584,18367
5585,18779
5586,21454
5587,22435
5588,23635
5589,24333
5590,24470
5591,25186
5592,29139
5593,31476
5594,31634
5595,32579
5596,32942
5597,33447
5598,34122
5599,34992
5600,36469
5601,38314
5602,39467
5603,40402
5604,43174
5605,43747
5606,44096
5607,52624
5608,54024
5609,60255
5610,62691
5611,63578
5612,64026
5613,68199
5614,70526
5615,71310
5616,72194
5617,74731
5618,81737
5619,82406
5620,85193
5621,85261
5622,87912
5623,88614
5624,89203
5625,90135
5626,93165
5627,93914
5628,94506
5629,94569
5630,94842
5631,95966
5632,96057
5633,96067
5634,97047
5635,97875
5636,100086
5637,100204
5638,100542
5639,104116
5640,106859
5641,107113
5642,108672
5643,112861
5644,112971
5645,115311
5646,115445
5647,117672
5648,118612
5649,118831
5650,119530
5651,120228
5652,120981
5653,121396
5654,123349
5655,125154
5656,125326
5657,127288
5658,128298
5659,128535
5660,130351
5661,130512
5662,135551
5663,137275
5664,137454
5665,138972
5666,140223
5667,141707
5668,141715
5669,141788
5670,145441
5671,147102
5672,147930
5673,148177
5674,148758
5675,149029
5676,153159
5677,153533
5678,153637
5679,161877
5680,162059
5681,164846
5682,165541
5683,168233
5684,169196
5685,170705
5686,173968
5687,184998
5688,187580
5689,190461
5690,190667
5691,191903
5692,193801
5693,194283
5694,195063
5695,197137
5696,198309
5697,200557
5698,202246
5699,205322
5700,206604
5701,207347
5702,208787
5703,209515
5704,209558
5705,213119
5706,215508
5707,219589
5708,220192
5709,220576
5710,221700
5711,221851
5712,222013
5713,223340
5714,224231
5715,225303
5716,225807
5717,226760
5718,228349
5719,229040
5720,229665
5721,229923
5722,231994
5723,233931
5724,234725
5725,234889
5726,235523
5727,236021
5728,236140
5729,237298
5730,237314
5731,238487
5732,238663
5733,239253
5734,240328
5735,241739
5736,245971
5737,246738
5738,249300
5739,253638
5740,256933
5741,259589
5742,259680
5743,271457
5744,272518
5745,275986
5746,279340
5747,280685
5748,283057
5749,285620
5750,286533
5751,286579
5752,286987
5753,287243
5754,288174
5755,288877
5756,289433
5757,291072
5758,295915
5759,296174
5760,298177
5761,299728
5762,300738
5763,301770
5764,301909
5765,304304
5766,305730
5767,305957
5768,307184
5769,308947
5770,309304
5771,310620
5772,312132
5773,313151
5774,314965
5775,315654
5776,318104
5777,318991
5778,319069
5779,319502
5780,320268
5781,320896
5782,321587
5783,324041
5784,325291
5785,325396
5786,325983
5787,331676
5788,333701
5789,337256
5790,340665
5791,344393
5792,344858
5793,347824
5794,351282
5795,352156
5796,353549
5797,353969
5798,354134
5799,355326
5800,356283
5801,357144
5802,360710
5803,365899
5804,367323
5805,367578
5806,368397
5807,370442
5808,372247
5809,372425
5810,375445
5811,377986
5812,379902
5813,383333
5814,386815
5815,388682
5816,389007
5817,391020
5818,391707
5819,392320
5820,393365
5821,395487
5822,396220
5823,396330
5824,401362
5825,402591
5826,404759
5827,405210
5828,405708
5829,408315
5830,409120
5831,411845
5832,416039
5833,417961
5834,417992
5835,418299
5836,419716
5837,420915
5838,430444
5839,433866
5840,434265
5841,434554
5842,435965
5843,436563
5844,437717
5845,437816
5846,437883
5847,439139
5848,443304
5849,443689
5850,444545
5851,445064
5852,446603
5853,446920
5854,452386
5855,456077
5856,456344
5857,459425
5858,461371
5859,462516
5860,465828
5861,467211
5862,472434
5863,475904
5864,475991
5865,476143
5866,476209
5867,478517
5868,479272
5869,479887
5870,481410
5871,486059
5872,492482
5873,496144
5874,497724
5875,498175
5876,501662
5877,501793
5878,504137
5879,506255
5880,507620
5881,508630
5882,510535
5883,511057
5884,513280
5885,513781
5886,515377
5887,516407
5888,517550
5889,518136
5890,518380
5891,521345
5892,521964
5893,523495
5894,523627
5895,525950
5896,529440
5897,535968
5898,537236
5899,537774
5900,538165
5901,538720
5902,541677
5903,541814
5904,542134
5905,544222
5906,545252
5907,545291
5908,547169
5909,550832
5910,551444
5911,553026
5912,555971
5913,558886
5914,559677
5915,562394
5916,565175
5917,565309
5918,566016
5919,569976
5920,570583
5921,572062
5922,573309
5923,577248
5924,577748
5925,578860
5926,579552
5927,584140
5928,586296
5929,589545
5930,589718
5931,590104
5932,590403
5933,590823
5934,591553
5935,593066
5936,594329
5937,595878
5938,598517
5939,599128
5940,599408
5941,599888
5942,602326
5943,603255
5944,603838
5945,604558
5946,605545
5947,608043
5948,608667
5949,609509
5950,610260
5951,611477
5952,615168
5953,615994
5954,616856
5955,617019
5956,618464
5957,620636
5958,626218
5959,626467
5960,627305
5961,629842
5962,641055
5963,641968
5964,644126
5965,645388
5966,646461
5967,653342
5968,654435
5969,656323
5970,657124
5971,661590
5972,662059
5973,665392
5974,665915
5975,668958
5976,673508
5977,675685
5978,675759
5979,675894
5980,676142
5981,676950
5982,678514
5983,679998
5984,681063
5985,682101
5986,683944
5987,684298
5988,686167
5989,686462
5990,689333
5991,690163
5992,690381
5993,690933
5994,692027
5995,692774
5996,694142
5997,694210
5998,703085
5999,704078
6000,705178
6001,707398
6002,709522
6003,714814
6004,715212
6005,715735
6006,716566
6007,717033
6008,720383
6009,721784
6010,723458
6011,725259
6012,726022
6013,726434
6014,727199
6015,728606
6016,728795
6017,730751
6018,731108
6019,733689
6020,743132
6021,744470
6022,748239
6023,749754
6024,750249
6025,750279
6026,750476
6027,751823
6028,753148
6029,753656
6030,755082
6031,757161
6032,760045
6033,764649
6034,765300
6035,771972
6036,772966
6037,775314
6038,781710
6039,783841
6040,793927
6041,795956
6042,796278
6043,796286
6044,797659
6045,799947
6046,802428
6047,805831
6048,813806
6049,816570
6050,818833
6051,820508
6052,821870
6053,823806
6054,826193
6055,826407
6056,826778
6057,828287
6058,830016
6059,830180
6060,833110
6061,836696
6062,837127
6063,837355
6064,839378
6065,842132
6066,844013
6067,845255
6068,849928
6069,850301
6070,850637
6071,850822
6072,850920
6073,851323
6074,851687
6075,852326
6076,855115
6077,859864
6078,861306
6079,866174
6080,866971
6081,867514
6082,871009
6083,871432
6084,873089
6085,876362
6086,877756
6087,877964
6088,880756
6089,883089
6090,884049
6091,884065
6092,893454
6093,894090
6094,897366
6095,898075
6096,898633
6097,899956
6098,899998
6099,902191
6100,905233
6101,905652
6102,906250
6103,906582
6104,909022
6105,913147
6106,920655
6107,921110
6108,923658
6109,924910
6110,925691
6111,926688
6112,928767
6113,933696
6114,935882
6115,939852
6116,946999
6117,947543
6118,948756
6119,949038
6120,954443
6121,954903
6122,956889
6123,957273
6124,959103
6125,959315
6126,959355
6127,960217
6128,961944
6129,966717
6130,967159
6131,968041
6132,969266
6133,973522
6134,974365
6135,974446
6136,977072
6137,977470
6138,978169
6139,982071
6140,983050
6141,989462
6142,989898
6143,990948
6144,995518
6145,997121
6146,998988
6147,999773
6148,1000386
6149,1001313
6150,1002617
6151,1004441
6152,1005981
6153,1006135
6154,1008599
6155,1008946
6156,1014249
6157,1017638
6158,1018470
6159,1018498
6160,1020273
6161,1021764
6162,1022182
6163,1024764
6164,1028476
6165,1031450
6166,1034583
6167,1036822
6168,1040479
6169,1041007
6170,1041128
6171,1041274
6172,1042796
6173,1043313
6174,1043672
6175,1047949
6176,1048689
6177,1051911
6178,1053561
6179,1054235
6180,1057169
6181,1059965
6182,1060489
6183,1061283
6184,1062032
6185,1063963
6186,1064671
6187,1065443
6188,1066048
6189,1067047
6190,1073323
6191,1074150
6192,1075309
6193,1079364
6194,1081721
6195,1082497
6196,1083178
6197,1084526
6198,1085371
6199,1085909
6200,1086271
6201,1087662
6202,1087985
6203,1095964
6204,1096510
6205,1098949
6206,1099419
6207,1100357
6208,1101468
6209,1105186
6210,1106505
6211,1106773
6212,1108978
6213,1111647
6214,1112279
6215,1114348
6216,1114394
6217,1116194
6218,1117043
6219,1120144
6220,1120334
6221,1121577
6222,1122721
6223,1123560
6224,1123572
6225,1124496
6226,1125108
6227,1126640
6228,1128516
6229,1128894
6230,1136455
6231,1137490
6232,1138716
6233,1139149
6234,1139645
6235,1140401
6236,1140490
6237,1142998
6238,1145585
6239,1148407
6240,1150156
6241,1152015
6242,1152746
6243,1152927
6244,1153020
6245,1155111
6246,1157826
6247,1161246
6248,1162361
6249,1162647
6250,1164570
6251,1165648
6252,1166336
6253,1166489
6254,1167721
6255,1170913
6256,1172411
6257,1174201
6258,1179850
6259,1180973
6260,1184175
6261,1185614
6262,1189390
6263,1193236
6264,1194309
6265,1195921
6266,1197306
6267,1197953
6268,1200667
6269,1208835
6270,1209073
6271,1213252
6272,1213430
6273,1214005
6274,1218859
6275,1221503
6276,1221744
6277,1223374
6278,1228433
6279,1229727
6280,1229922
6281,1232549
6282,1234204
6283,1236317
6284,1241462
6285,1243415
6286,1244291
6287,1245942
6288,1247783
6289,1248479
6290,1249817
6291,1252326
6292,1253787
6293,1257007
6294,1257037
6295,1257140
6296,1257611
6297,1259489
6298,1259680
6299,1260489
6300,1262656
6301,1263179
6302,1264821
6303,1268792
6304,1273542
6305,1274791
6306,1275896
6307,1276952
6308,1278040
6309,1280099
6310,1280784
6311,1280881
6312,1281799
6313,1282531
6314,1282811
6315,1283554
6316,1287565
6317,1290032
6318,1293559
6319,1295831
6320,1298661
6321,1299334
6322,1300032
6323,1301322
6324,1302563
6325,1306015
6326,1307447
6327,1308568
6328,1311320
6329,1314929
6330,1316586
6331,1321844
6332,1325189
6333,1325288
6334,1327307
6335,1327522
6336,1327632
6337,1329066
6338,1331872
6339,1332027
6340,1335549
6341,1337136
6342,1340309
6343,1340370
6344,1341316
6345,1341526
6346,1347026
6347,1347335
6348,1354051
6349,1357796
6350,1360433
6351,1362347
6352,1362358
6353,1364394
6354,1367254
6355,86
6356,1591
6357,2205
6358,7647
6359,9840
6360,9919
6361,10948
6362,12533
6363,13015
6364,16602
6365,16802
6366,17449
6367,18468
6368,21412
6369,24576
6370,24942
6371,25223
6372,27583
6373,28949
6374,30102
6375,30195
6376,30408
6377,31199
6378,31287
6379,33109
6380,34401
6381,34842
6382,35147
6383,35188
6384,36500
6385,37824
6386,38780
6387,40686
6388,43179
6389,43187
6390,43496
6391,43987
6392,48202
6393,57429
6394,59835
6395,60763
6396,60844
6397,61287
6398,61688
6399,62022
6400,65261
6401,65643
6402,67586
6403,69127
6404,71854
6405,73005
6406,73272
6407,74390
6408,75217
6409,75249
6410,75490
6411,75996
6412,76055
6413,77714
6414,79994
6415,79998
6416,80287
6417,81337
6418,81733
6419,82446
6420,82753
6421,84050
6422,85229
6423,86064
6424,87794
6425,89343
6426,89365
6427,90877
6428,94985
6429,97337
6430,97712
6431,98607
6432,101136
6433,103391
6434,104769
6435,105477
6436,106125
6437,107228
6438,107405
6439,109035
6440,109726
6441,110048
6442,110734
6443,110913
6444,113281
6445,113555
6446,115327
6447,116934
6448,119871
6449,119985
6450,121912
6451,123156
6452,124744
6453,124834
6454,125076
6455,126779
6456,129026
6457,129142
6458,130504
6459,130585
6460,134419
6461,135998
6462,138241
6463,140033
6464,140216
6465,140863
6466,141734
6467,141737
6468,144279
6469,144356
6470,145915
6471,148454
6472,148803
6473,151494
6474,151848
6475,153082
6476,153607
6477,154367
6478,154369
6479,155984
6480,156725
6481,158166
6482,158676
6483,159082
6484,161482
6485,162789
6486,163991
6487,169129
6488,169168
6489,170343
6490,171517
6491,172482
6492,173268
6493,174518
6494,176347
6495,177084
6496,178016
6497,178382
6498,181119
6499,181650
6500,181670
6501,183906
6502,186544
6503,187807
6504,188045
6505,189399
6506,189504
6507,190798
6508,191278
6509,197587
6510,198065
6511,199567
6512,200536
6513,204276
6514,207189
6515,208033
6516,209022
6517,209452
6518,212479
6519,217944
6520,219650
6521,220584
6522,220711
6523,221729
6524,227574
6525,227636
6526,228374
6527,228970
6528,229764
6529,230322
6530,231129
6531,231258
6532,231353
6533,232091
6534,232309
6535,234474
6536,236253
6537,237931
6538,238540
6539,239485
6540,240275
6541,241063
6542,241724
6543,242464
6544,246049
6545,246173
6546,247826
6547,248078
6548,248214
6549,248711
6550,253861
6551,255566
6552,258126
6553,259027
6554,262937
6555,263793
6556,263834
6557,265783
6558,267180
6559,268434
6560,269633
6561,270341
6562,272817
6563,274350
6564,274594
6565,278503
6566,279269
6567,281178
6568,282005
6569,288840
6570,290708
6571,291658
6572,292014
6573,292179
6574,300517
6575,300594
6576,300948
6577,304080
6578,307156
6579,308658
6580,310881
6581,314170
6582,315702
6583,315844
6584,316029
6585,316795
6586,317471
6587,318375
6588,318659
6589,319614
6590,326547
6591,330149
6592,330540
6593,332565
6594,333134
6595,333556
6596,335782
6597,337162
6598,338304
6599,338667
6600,339497
6601,340802
6602,341820
6603,342524
6604,344798
6605,348886
6606,352786
6607,352906
6608,355406
6609,363491
6610,363939
6611,364043
6612,364296
6613,367640
6614,368808
6615,372618
6616,373021
6617,373430
6618,374505
6619,379640
6620,379968
6621,380080
6622,383115
6623,384082
6624,386186
6625,388123
6626,389852
6627,395152
6628,400456
6629,400678
6630,402130
6631,403781
6632,403906
6633,409764
6634,419426
6635,423344
6636,424924
6637,432078
6638,432891
6639,434883
6640,440627
6641,441625
6642,441890
6643,442222
6644,450581
6645,456449
6646,457273
6647,458010
6648,458185
6649,458771
6650,471809
6651,471825
6652,472443
6653,479160
6654,479777
6655,483814
6656,485360
6657,486319
6658,486443
6659,487298
6660,488484
6661,490275
6662,492011
6663,492388
6664,492602
6665,493070
6666,494585
6667,495862
6668,496820
6669,497031
6670,497717
6671,497769
6672,498690
6673,499084
6674,501844
6675,502496
6676,504767
6677,507903
6678,512905
6679,513205
6680,513348
6681,513717
6682,514683
6683,515434
6684,515881
6685,516179
6686,518344
6687,520962
6688,522599
6689,526243
6690,526750
6691,527954
6692,528513
6693,532297
6694,533433
6695,533475
6696,535165
6697,535179
6698,536213
6699,541043
6700,544033
6701,544820
6702,546289
6703,546612
6704,548174
6705,549049
6706,559078
6707,559801
6708,562111
6709,562118
6710,565065
6711,566473
6712,567246
6713,568518
6714,568743
6715,571735
6716,573293
6717,575434
6718,576019
6719,576784
6720,578664
6721,578713
6722,584082
6723,584589
6724,586522
6725,588969
6726,590358
6727,591881
6728,595593
6729,595677
6730,597307
6731,597421
6732,600637
6733,604194
6734,604770
6735,604981
6736,605710
6737,609138
6738,610024
6739,610612
6740,610627
6741,615312
6742,615713
6743,616287
6744,617679
6745,620327
6746,621050
6747,621862
6748,622730
6749,622959
6750,631637
6751,633843
6752,634087
6753,635315
6754,636634
6755,637334
6756,639518
6757,644127
6758,644749
6759,644956
6760,645674
6761,649102
6762,649285
6763,656928
6764,657388
6765,667764
6766,668132
6767,669723
6768,670971
6769,671958
6770,676050
6771,676983
6772,679853
6773,682692
6774,685115
6775,685409
6776,687258
6777,687457
6778,687722
6779,693539
6780,693668
6781,695852
6782,696861
6783,697729
6784,700700
6785,701314
6786,706339
6787,707427
6788,709690
6789,710717
6790,711747
6791,712913
6792,714369
6793,716453
6794,718006
6795,719329
6796,720617
6797,721375
6798,722865
6799,726029
6800,728391
6801,728642
6802,728945
6803,733487
6804,733891
6805,734931
6806,734963
6807,739440
6808,740527
6809,743188
6810,743954
6811,744644
6812,745945
6813,747539
6814,747785
6815,748069
6816,751928
6817,753992
6818,755873
6819,759721
6820,761333
6821,761948
6822,765384
6823,768773
6824,769933
6825,771498
6826,771683
6827,773477
6828,775303
6829,779599
6830,780192
6831,781746
6832,783611
6833,784679
6834,785713
6835,785845
6836,786278
6837,794850
6838,795302
6839,795523
6840,799771
6841,800438
6842,800875
6843,802874
6844,803160
6845,804088
6846,805939
6847,807079
6848,807360
6849,810906
6850,811605
6851,812745
6852,813191
6853,814982
6854,815912
6855,816023
6856,817848
6857,819679
6858,820008
6859,821338
6860,821401
6861,827137
6862,830196
6863,831639
6864,832834
6865,833519
6866,833737
6867,833950
6868,836741
6869,837987
6870,838353
6871,843094
6872,848548
6873,849822
6874,851507
6875,851529
6876,854301
6877,855133
6878,856812
6879,859196
6880,860138
6881,861926
6882,862026
6883,865155
6884,865512
6885,866837
6886,867382
6887,869912
6888,871100
6889,871555
6890,872265
6891,873453
6892,874657
6893,875064
6894,878333
6895,879679
6896,882967
6897,883282
6898,885686
6899,885827
6900,888501
6901,889215
6902,892009
6903,893074
6904,894612
6905,894826
6906,897056
6907,897197
6908,900872
6909,901885
6910,903101
6911,905716
6912,905802
6913,907053
6914,907705
6915,911386
6916,915798
6917,916853
6918,917708
6919,920469
6920,921607
6921,921858
6922,926090
6923,926143
6924,927261
6925,928545
6926,928967
6927,931871
6928,933179
6929,933576
6930,935897
6931,936132
6932,939640
6933,941095
6934,941856
6935,943229
6936,943875
6937,944290
6938,945174
6939,947166
6940,947683
6941,948944
6942,950804
6943,951393
6944,952405
6945,953762
6946,954171
6947,955176
6948,956455
6949,959151
6950,959593
6951,960525
6952,961816
6953,963469
6954,966387
6955,966945
6956,973028
6957,974050
6958,975164
6959,975169
6960,975683
6961,978453
6962,979967
6963,980583
6964,982817
6965,985131
6966,985152
6967,987330
6968,990159
6969,991759
6970,993961
6971,995258
6972,996529
6973,997595
6974,999372
6975,1003946
6976,1004101
6977,1006488
6978,1009054
6979,1011453
6980,1015754
6981,1016125
6982,1017211
6983,1017590
6984,1017632
6985,1017817
6986,1019147
6987,1019702
6988,1021765
6989,1025069
6990,1026266
6991,1029558
6992,1030784
6993,1030833
6994,1034447
6995,1039667
6996,1041284
6997,1043869
6998,1045288
6999,1045478
7000,1050817
7001,1054023
7002,1055878
7003,1056715
7004,1056879
7005,1064296
7006,1064530
7007,1067341
7008,1067713
7009,1069321
7010,1069538
7011,1069817
7012,1070106
7013,1074487
7014,1075561
7015,1076426
7016,1076833
7017,1082507
7018,1083292
7019,1083344
7020,1083747
7021,1086729
7022,1089532
7023,1092577
7024,1092899
7025,1094314
7026,1095749
7027,1099615
7028,1106197
7029,1106679
7030,1109804
7031,1113080
7032,1116191
7033,1117442
7034,1120288
7035,1121608
7036,1125534
7037,1127632
7038,1131250
7039,1132035
7040,1132234
7041,1132880
7042,1134284
7043,1135257
7044,1137390
7045,1137963
7046,1140256
7047,1141698
7048,1142508
7049,1143677
7050,1144616
7051,1147582
7052,1151143
7053,1156470
7054,1157578
7055,1158951
7056,1159510
7057,1164569
7058,1164699
7059,1168430
7060,1168618
7061,1174093
7062,1174521
7063,1174592
7064,1175230
7065,1176479
7066,1177199
7067,1177357
7068,1180978
7069,1183776
7070,1186040
7071,1192183
7072,1196384
7073,1199219
7074,1199764
7075,1201200
7076,1201257
7077,1204837
7078,1206006
7079,1206832
7080,1207694
7081,1208124
7082,1213188
7083,1214610
7084,1216517
7085,1219014
7086,1219713
7087,1222118
7088,1224035
7089,1230500
7090,1230713
7091,1232379
7092,1233606
7093,1234065
7094,1236650
7095,1237944
7096,1240270
7097,1241277
7098,1242800
7099,1244737
7100,1247147
7101,1247682
7102,1247877
7103,1251238
7104,1251248
7105,1251392
7106,1252234
7107,1252266
7108,1254728
7109,1256239
7110,1256653
7111,1259887
7112,1261625
7113,1264741
7114,1265288
7115,1273865
7116,1276653
7117,1277205
7118,1278209
7119,1279483
7120,1279892
7121,1280621
7122,1282512
7123,1282634
7124,1284262
7125,1288397
7126,1289502
7127,1289550
7128,1291822
7129,1292966
7130,1294093
7131,1294709
7132,1302264
7133,1303239
7134,1303942
7135,1305032
7136,1305925
7137,1306069
7138,1307410
7139,1310086
7140,1315805
7141,1316989
7142,1318696
7143,1320976
7144,1325596
7145,1325622
7146,1325668
7147,1327083
7148,1327283
7149,1329013
7150,1329080
7151,1329321
7152,1332341
7153,1334103
7154,1334372
7155,1334975
7156,1336678
7157,1336935
7158,1345360
7159,1347093
7160,1354935
7161,1355223
7162,1357813
7163,1357878
7164,1359148
7165,1361806
7166,1362074
7167,1364789
7168,1366531
7169,1368051
