,customer_id,name
0,01343722529be320bc0955acc1b7c40322e5f801c6b8e035070037ed3e64d779,David Mcvey
1,0a31e048711796ab3ec0179034fd9d7282101e42c8968437ce6d561c41b5cad6,Tonya Borders
2,0c86d1502d0f9c23157fb89bd97e45587372777b318a83d4aca05efc84b6d92c,Kim Hirsch
3,0ebd7f3073819f86ba5f2ad025db2b51ae36ad7039d453325f1ee3cead3d5de1,Crystal Urbine
4,10f245b02120d5c89b574db89b290983238a0a4e98a9354af6d411891f739f3a,Robert Ward
5,139210b7e82feee6a45a5a16fc05e73989d8ba9799420e9506536e5b32c94a0d,Josie Holmes
6,1667b87371b0e442edffeda6f5abd84d7b79a536530526481b4648715b18c177,Paul Wallace
7,1a0d71219cc6878b068737a23a0b5f6f60fb31745ca3ca644f3a1e8a185215e8,John Gill
8,1d5023d92679fe050ea4cb053641d1fa8f90a80a5819e199e9508bdb646fc4a4,Diane Healy
9,21a03f7d18fff971bc4699870f162aada5513cdeb10c63b4e5147a488b034079,Paul Cruz
10,2d1a8825433ed51f66891ee491921434cb106becdae6d312a61f7f92702f029c,Claude Fears
11,3524c186cfd6d49dbf844e8ec18dbabc166d910f821d15fb3d3967add1f286c2,Eileen Flowers
12,4471bed08587a501bc27f54d18afbe99573772e0d1820400ff8b84a05f4c4b64,Guadalupe Jones
13,4551c235c99a265ae82ecc7d399097889b1836cd9beca15bce0ca3df48a6d427,Lee Garcia
14,46baae8d395f1545a9dc9c127170d3d8fd8eace89f418a03f2005b7a709ea3a1,Marian Mccarty
15,4e9796cc88d89e38d0afc3c495db6b603a93f97cd9b6884e51d414e52e030544,Mary Baker
16,57a9a6c33af21b46e3fb48d020eae85ca226b95eccd943e47204648254f1ea90,Lou Braxton
17,60a0f051d9ccde448ae827c475e89265fa025247d06db358f8b731a5f7bf226f,Dawn Boice
18,619ff841b7793e708cea60d68f67d9b8324a3ccef2e02bd60fd031f1fec7e432,Joshua Ronning
19,6257057e113555d10fd145957512e44d23707e54e1e678319d50a82c19674dc7,Carl Craft
20,62bf7db724212c005cf877ca1528ecdf2024c2a2786518afccee072bdc1226f3,Laurie Martin
21,673f3bc109a3dd581cfac201fa90a0acd24dd9e102a991f69c42fe9283722877,Mary Randolph
22,6881b10bf7d5dfa456765858c3f686de0910fd23d7e9674af8e8c08d6e9aa3c2,James Coupe
23,6ba1f1081c3878e6ce50def9f2d6f580c80f3c6e563733ab4ad1cf4ba9312507,Judith Adger
24,6be39b0bbe00903a54f52f7e0895579d71d51df1e65466a2a5e69d0f06fd60f4,Michael Vanicek
25,7597354fd1ee58d943e06187fee3b696bed47ae4a2a1a4487f46538b599e17af,Jimmy Walker
26,81f2ac1b657989c48a9920315cd24eeae7858d94f3de210e40df5d7a06443eef,Peter Moore
27,858e7a0f54a58d2a33aaaf027862503d29dec6483e6a6d8d9d3ac058b40bbff4,Dora Moreno
28,90aa923f5609077e99adb60a9cddd279d3068ae55bdaad27d9e1b9c6b81c9d62,Addie Bomar
29,9ac94c3c1e6d2041d85f13704f66fac8e6335c765dc2f1a9ed59eccd10d8c375,John Murdock
30,9f7cb36e5f9c61df5d34391685367bdda534db568daf3e55eacef27cc291f603,Joshua Carrillo
31,a08e3658fc773181b538632f73c17d9ee87904ed63103e49ab6f8452918d557f,Grace Whicker
32,a1df993a8b1032025b593260008a87b958686c3044c2654e3d9580cf316c77ff,Latasha Brennan
33,b8e823c50e84cfc06282ffeac7bc484993c0380a57b11e43f305add6e6deedbb,Hope Fanning
34,be177192f63ecd6a25ecc1d263a1f895e4a2db50312d748172e8b6f691d6d75c,Kimberly Ryan
35,bf47f2f3f255c829e150a7bbe1f300e6e832bf67617454de89eccf3f907754fc,Don Miller
36,c3ee27a3e65089e8b2b93e92fb54edf0d049d7de7ad52fa5d355cd9241c94817,Peter Ramirez
37,cc2ec7230e3824a17e0b1183ca7f4f4067798dfee042090368470a9da0b63f0b,Kathleen Rosenberry
38,d13623f7212c4c72facda96f6d5c44b154081911e0a01e056b0691952a43f205,Daniel Konowal
39,d25cdee560a105f7f9ee238c770c8c5ecf432b3290d7184f913f9cf64828476e,Shelby Miyoshi
40,d3a080b6eafc80b091c3cb881ebd8402a9e12baf2aefd3b741be035bf0ddd9a8,Linda Sanford
41,d919f33ca5d07cfc3ba37d5f596210706e55ce74a630f7e7b18af6fdc6106dab,Cristopher Mullis
42,db6dfd1cdfe9694f2348874a3094f3fb7c641f2768c366ed5e2a6efbb400e8ac,Debbie Czarnecki
43,e2aa25a6e4961ab54863c3bb57e5c8be3e511790582536f45191406f9703684e,Nobuko Maurer
44,eb93ddacf8fbe070e925a16192486dac7e35a21460fe236dcd9a346968a1ca8c,Juan Randolph
45,ec2f388a3b3e632bbe818173306713898cf2e12fd58c4a931e9c1ff02a68f812,Jacob Soltys
46,f160f1a3bb3a7e2a7558c3ae98c3531dd920a43654732e1c2c3388b919060238,Doris Floyd
47,fa06f8154a9fb9de61d24362e924a7c1dfaa51e6bc6189566b12d58b1e5ec165,Ruby Piccard
48,fced61dd06e3e0d5628802f239afb1c023b7055719e8ab6ba244c4d65e7c960e,Carl Poland
49,fd2cd02e61c364e08a8a7542acc0213cff348df5e6fcb5587279907bfd77a69b,Blanche Gomez
