,customer_id,prediction,recent_purchase
0,01343722529be320bc0955acc1b7c40322e5f801c6b8e035070037ed3e64d779,706016001 692930001 448509014 689109001 866383003 820866008 759871002 610776002 806388001 706016002 806388002 448509001,652731007 665270001 469137001 703883002 667378001 513373008 649671004 633136021 689039001 573085020 738224001 738224001 716013001 729617003 563519011 666382005 456163009 679853001 580770001 683662005 660308001 660308001 692930001 692930001 697167003 697167003 689109001 689109001 714807001 464297007 554792004 746076001 762281001 736983001 669882005 723158003 738731002 717879011 717879011 746076001 762281001 721435001 723295002 698776002 734683001 707777008 707777008 708246001 689096001 572533005 572533005 722970001 709994004 674492001 711053004 711053003 783346008 783346008 801384004 801384004 798744001 758472003 778517001 778517001 730020005 786657004 803949004 823174002 786657003 746592001 682068003 777504002 802559001 751471001 751471001 751471018 754323008 535035002 535035002 788846004 733101004 787880005 787880005 824185001 824185001 836226001 805323002 788006001 826832001 809757002 762205001 806412005 663942005 762205001 865391001 853785006 853785006 853785006 853785006 825728001 786187001 845790001 689365058 759814009 763617003 786304001 830016001 751471001 448509001 448509001 614854005 832311003 832311003 865906001 854967001 854967001 864668002 865907005 864668001 448509001 759158001 804998001 492897001 825550004 706016025 820866008 866383003 853395001 827411001 877278002 858833001 887949001 865520001 765739001 812157001 721435001 812507004 859327002 809913001 809913001 901281002 920394004 879012001 886390001 861173001 798475001 854193002 872600001 825585001 861600001 825585007 827687001 872600009 878013007 714790028 714790028 916058001 815808001 815808001 926921001 898439001 748355003 806388018 934356001 797988002 827658003 827658003 763988001 925666003 894668003 767423011 894668003
1,0a31e048711796ab3ec0179034fd9d7282101e42c8968437ce6d561c41b5cad6,810419002 529012011 717695002 811907006 810419001 843872003 843873004 823168004 706016001 529012040 372860002 736198005,243937001 529008045 703366002 529008010 700761002 703366007 703366007 671612001 671612001 529008003 670698001 682238007 574109012 153115019 554479001 529008009 700761005 700761005 717676003 736198001 717676004 749499002 736198003 541308015 725954001 717676001 681174016 612636001 700761004 700761004 763280002 679285006 791293001 679285019 679285017 182909001 182909001 752002002 729928001 741478004 179208001 808839001 867783001 662948012 513699028 849271001 572797001 864846001 832018001 578630025 689389053 800389001 827411001 559633018 557994019 800389002 557994003 372860001 516859008 857797003 756415005 843872003 811907006 823168004 843873004 682550002
2,0c86d1502d0f9c23157fb89bd97e45587372777b318a83d4aca05efc84b6d92c,833499006 757482002 737224003 547367021 520509001 547367007 547365024 547365002 654581002 777143003 764542001 889379010,622825014 554792001 639838007 520508001 723469007 654564004 637515004 665212003 660327001 637673005 743098002 752139001 723469001 547367021 547367006 547365024 752477001 716548003 562211012 788754001 764542002 777143002 754323004 821512001 792817003 803985004 806687001 833530006 808021002 832453005 832453005 854637001 854637001 780887003 735154001 889379006
3,0ebd7f3073819f86ba5f2ad025db2b51ae36ad7039d453325f1ee3cead3d5de1,710278004 750330002 573937001 751551001 675657001 652924004 294008005 742274001 567475001 785364004 506166058 779551002,716864001 675657003 734877001 734877002 751869001 249136025 771844001 777690001 745737001 848327001 731119001 798265001 803180001 785364004 837949001 684272001 761417001 842314001 785364001 837949002 842314002 831062001 653208001 707149002 819722001 294008002 820570001 750330003 840312004 746330004 808028006 752689001 654590003 849144002 849144001 872000005
4,10f245b02120d5c89b574db89b290983238a0a4e98a9354af6d411891f739f3a,599580055 599580042 559630026 776237020 559630013 739590001 559630011 684209039 599580028 736341002 492245010 566140025,729620001 722437001 721435002 726759002 559630011 559630011 599580028 687034007 739590001 687034010 621915003 771116006 631878001 775157001 621915004 559630013 713993064 804735012 804735012 810977001 879086001 879605001 733043001 721273010 680391018 761624001 824499001 762896023 794053001 804735012 832114002 776237020 751530003 879605001 733043001 713199006 680391018 776237008 599580055 351484002 824499001 762896023 794053001 794053001 758002008 758002008 864498001 776237006 798412001 776237020 776237020 599580055 307239004 759326009 759326009 636505001 832309005 832309005 492244010 907696002 589599047 688537036 802485004 589599036 776237010 886241001 886241001 857621001 857621001 918834001 532138001 853316001 892309005
5,139210b7e82feee6a45a5a16fc05e73989d8ba9799420e9506536e5b32c94a0d,767398001 727029001 758282002 860820001 559601019 860819001 698286007 688537012 849859005 507799003 642437009 759314003,651276001 630116004 504667003 524825013 511783004 647526002 453358001 469021001 533406023 533406023 449570015 449570015 449570018 507799003 713380002 687720003 770211001 767782001 740716002 599502012 664074010 578487012 705732003 652731019 733106004 723615001 723615001 517762010 680396011 680396011 790666001 729275004 581275008 731743002 589017001 589017001 699598004 699598004 585480002 585480002 791915001 762248001 770587002 730353001 734179002 734179002 593808007 593808007 593808008 593808008 737924003 720100001 734595001 734595001 680318005 737924001 767398001 589599047 758282002 723469001 753692006 777653001 717490017 799754001 673396002 682260006 673396002 673396002 749974001 749974001 777148003 769269001 799754001 757964001 579302001 579302001 557599022 839332001 803986008 803986008 253448059 516859007 862316001 723469002 852420001 852420001 862738006 862738006 852420002 852420002 744036002 808445001 815446006 836486002 559601019 698286007 805159001 860820001 860819001 937466002 896152001 473954008
6,1667b87371b0e442edffeda6f5abd84d7b79a536530526481b4648715b18c177,706016002 706016001 684340001 706016003 843811003 759871002 706016015 610776002 689009001 560204001 806388002 372860001,657166002 611522006 627563008 594264001 594834002 687331006 559193001 615021021 355062002 372860002 684272001 687763001 586955001 702118006 553069002 678687013 719245001 698317011 681179002 694131015 634668002 689563001 720100001 744767001 453272042 717316003 700009001 626194001 372860001 754877005 659808003 719655010 186264014 754877002 571706001 560203001 587229005 689005001 684341001 715624001 806388001 737794001 659808003 730683029 837305001 189616008 749400010 684087001 752857001 772902001 772902003 547780002 851340001 791490001 743530022 777694022 487052017 825811001 816423004 880780001 865142001 901638001 843812004 741220002 880740002 804801002 554450027 573085044 846296002 856923001 772349008 636323001 865166001 811291004 733803001 736870001 706016001 243937028 841383002 841383003 706016001 841260011 807241016 877961006 570319025 807241017 706016006 713824038 856310001 865917001 572998016 827370002 853881001 869379005 915292001 456163086 827907001
7,1a0d71219cc6878b068737a23a0b5f6f60fb31745ca3ca644f3a1e8a185215e8,680262003 708021003 704767001 564786001 678696012 851094001 708021001 680262010 715606005 630141011 678687001 754238001,564786017 708021001 564786018 564786018 678687010 564786021 678696001 666382014 634009011 715606002 661399007 678696003 456163069 778534006 851094002 878013006 842607001 859808002 822158001 805015007 858052006 851774001 858052001 714790033 880001001 910237001 724906019 903473001
8,1d5023d92679fe050ea4cb053641d1fa8f90a80a5819e199e9508bdb646fc4a4,856270003 796617001 717370001 868823011 861036001 861036002 888010003 868164001 861036003 764280002 866387009 873706001,796619001 861020001 888010002 868064002 898226001 448509035 448509035 895986001 853594001 885465007 868164002 448509030 861036002 918292011 717251001 861036001 764280001 866387010
9,21a03f7d18fff971bc4699870f162aada5513cdeb10c63b4e5147a488b034079,706016001 610776002 735843004 795854001 706016002 684209006 599580014 590928001 589599027 736530007 610776001 736531006,607427008 673799002 504154019 673799001 673799001 669882001 678715001 607427008 673799002 673799001 673799001 669882001 562245059 678715001 711431001 678963001 717727005 599580014 734282003 735843004 735843004 772899001 772899001 724046001 690713008 684209006 714828002 713349001 795854001 795854001 717727002 684209006 684209006 664319021 736531006 736530007 706016003 797394002 715624010 580770001 673638001 783149001 836485001 842245001 812807002 752814002 573085043 556539003 803468002 715624013 758034001 794320006 610776028 842062003 712924012 811927007 811927007 811925009 811925009 677930078 852585002 678942001 873217004 873217004 866731001 610776071 610776068
10,2d1a8825433ed51f66891ee491921434cb106becdae6d312a61f7f92702f029c,707269003 591334003 253448001 673638001 700691003 618319001 629781001 578960002 292453015 591334035 253448002 591334039,618319002 497640008 639677008 698543006 462128021 742947002 724379001 675068003 675068002 591334019 673638005 778075001 610776082 707269001 859805004 253448003 743840001
11,3524c186cfd6d49dbf844e8ec18dbabc166d910f821d15fb3d3967add1f286c2,689109003 692930003 742981001 726925001 758435004 692930001 868817007 806388002 689109001 111593001 158340001 806388001,695214003 649057002 729847003 717773001 696911001 718227001 738224001 649059001 708352002 563519006 752218001 751992002 652956001 685816012 652956002 718582004 718582004 727756001 692930003 726923001 689109003 775582001 758459003 758435002 758441001 699923077 673677004 787880001 762796001 724399001 111586001 857357001 685813005 868410001 805594001 865224001 857571001 868517001 806388003
12,4471bed08587a501bc27f54d18afbe99573772e0d1820400ff8b84a05f4c4b64,768269011 590928011 712924001 694726005 776237020 599580014 838357002 599580055 684209006 684341002 559630026 803716002,509091026 700758001 464908002 700745001 615970006 712924001 571706003 684209006 453309014 687033002 599580014 684340002 590928011 699423003 599580014 699424003 559630001 724154005 733027005 744073001 735723001 752020003 774971001 739455005 758222002 731407001 762630001 757741003 708230004 664319021 681385001 542551005 785796001 803683001 803716002 803543002 816591013 599580055 843687001 880839002 803468002 559630026 559630026 755575003 862693002 863001001 746069006 844160002 832309007 804613005 698286007 811783001 707269003 875635001 875635001 768269011 780969001 694726005 842055009
13,46baae8d395f1545a9dc9c127170d3d8fd8eace89f418a03f2005b7a709ea3a1,610776002 706016001 562245046 711053003 562245001 610776001 706016002 678942001 711053005 783346018 711053007 571436010,640134001 516903005 677930005 634320006 634411001 625311008 666581001 536139042 686576001 610776035 669737001 718549001 543054006 704114002 524465001 708098002 713428003 571990002 610776035 678821004 562252031 666382002 664405002 666382014 760223002 711053004 711053009 702118005 683662005 717490024 717490024 571436009 712915001 579541026 708432006 781813005 690936002 554477007 783346001 594264003 642437015 779333004 753475005 779333003 775960001 761596001 745091003 751471001 738882001 802023001 456163051 802023001 562245062 562245089 673677002 473954008 842952003 719655012 752814014 832359001 803757013 717490008 599719004 821163003 599719001 752554002 859363003 859363003 832997004 805510038 805510037 841260029 750422031 853881001
14,4e9796cc88d89e38d0afc3c495db6b603a93f97cd9b6884e51d414e52e030544,706016001 610776002 706016002 689109003 798288009 448509014 692930003 699075001 759871002 709297002 678942001 562245001,657497011 458543001 719469001 719469001 639511002 716662002 622958001 583533002 639511001 684688002 664209001 510126016 686148001 600886001 600886001 559616001 667641001 685548002 740235002 663679002 575630001 538699001 469682004 714718002 707493001 633456003 702936001 716262001 714826002 717755003 559634018 559634018 707493001 707493001 684053001 464297007 464297007 643985001 741293001 707135005 714807003 618800001 623115005 469137001 673638001 722520001 685846002 700345001 673901005 698276001 715997004 748284001 688105003 707681001 769400003 708394003 695544002 658030011 729860001 707569001 736584001 689109003 695544001 692930003 699077001 699075001 559634006 709300001 709297002 714803001 709297001 709297001 709300002 733803006 759847005 729928002 760597001 663282001 734460006 721464001 606711005 621915005 790976002 735550004 759847005 726938001 621915006 733419003 707717005 721997001 625768002 625768002 759847005 726167001 738526002 721299003 714829001 709187002 746332001 625179004 763007001 714803005 714824001 714824001 711022002 710438001 762063003 727615001 742083005 742083002 714620001 739144002 701046002 762063003 547365003 156231001 754374007 606814002 685944002 719523006 719523006 627408002 765731003 741356004 759265002 788319004 719523001 781613002 712915001 685944001 790663002 719523006 719523006 606814001 708472003 708472001 708472003 776861001 699077008 699075010 767377002 717884003 764621002 622958003 650672001 742916002 742912002 744394003 744394003 736489003 692226003 489435010 717884003 699075001 673396002 678942031 739659023 639448008 793911002 754877004 589748001 616763008 743098002 754837002 562299007 617534017 704630003 762096002 771157003 673396002 589748001 638039004 681174016 691177005 714828002 753737007 695545002 669895008 695545007 808509002 790350001 782555003 679853001 801673001 554477005 777070003 679853003 829783001 829783001 635957010 783346001 782555001 690933001 751002004 573716012 679853020 790350001 783933001 679853011 679853008 780418003 765176002 783933001 679853001 649397011 591334039 783933001 701085007 701085009 797663003 660599014 663564006 770693004 682670003 801673001 660599017 759141001 759141001 781613002 685347001 787853006 761621002 761621002 614622019 767377002 763280003 761620002 755360002 769035001 687524014 719523001 823436002 685044006 803420002 816597004 748588001 793949002 750476011 677848011 747534002 784485003 619764021 677848011 759141001 788006002 840873001 840873002 788006001 751542002 751542002 487722008 587137009 792817004 455832001 749939001 804666001 802974003 764582002 761713001 737224003 505224005 777851001 737224002 790350001 784537005 711649001 678342016 516000089 771981006 536139047 156227002 111586001 156231001 792058001 718747002 824575001 456163060 767862001 408647009 532131001 789770006 786304001 824575001 764624001 816597006 793108003 838324001 559633001 559633018 111586001 111593001 158340001 738813004 730683041 763673002 804992018 739348006 799417004 799421004 755783004 799421001 633152013 842302001 864297002 674606062 562245001 752814016 842952002 836142002 836142003 562245018 562245046 842302003 752814003 824185001 860738002 842302002 842302002 591334019 806931002 860523001 674606048 816597007 678942047 857778003 812746001 806534001 806534001 814542001 448509001 751471001 823963001 811783004 756320021 816423004 835675001 698276009 739819002 832309005 824337001 816423003 741356002 854789001 704754001 736681003 858147001 741356004 396135007 810557001 349301041 808628001 842028001 694848001 893351003 864596003 862482004 842952001 810825001 736531001 819113001 843793004 756318001 809517002 798412002 748523001 489435016 696594015 579541076 824767001 714803008 885535003 818605002 850883005 844745001 631418002 798475002 885535002 798412001 817166001 806133001 806133001 798288009 841402004 717490057 832359006 861608002 817228001 841402003 829147001 851400007 767377005 848681003 850277001 767377009 851400007 820484007 554598086 749699002 851400015 876276001 883685002 817472002 865921002 817401002 901607003 829147001 767377006 767377009 861471001 554598086 851400015 767153002 767153002 900235002 883730001 767153002 900235002 783346018 886486001 859077016 901607003 829147001 829147001 887711001 889663001 838918001 717490010 767377009 767377009 910132001 854789001 851400014 887653002 842004005 842004005 825771001 914319002 907188001 762846031 921906002 456163090 851400020 919365003 903062001 929511001 929511001
15,57a9a6c33af21b46e3fb48d020eae85ca226b95eccd943e47204648254f1ea90,776237021 599580047 589599047 727029001 689109001 721059003 744394004 711053005 710278001 832284003 688537012 589599033,636505001 699427001 735927001 707743003 707743003 716243001 707481001 680327001 727029001 710277001 747939002 589599047 710788003 692930001 692930001 730916001 777124004 790791003 547780003 711053009 711053004 777124001 711053003 752000003 777124004 777124004 842606003 788846008 805011002 636505001 811777002 759814009 759814009 855080001 547780001 598515022 811777002 160442010 160442010 253448001 603145001 559633018 571706001 599580017 599718001 698276009 776237008 814763004 659854010 659854010 599580047 599580047 698276009 776237021
16,60a0f051d9ccde448ae827c475e89265fa025247d06db358f8b731a5f7bf226f,831644003 831644001 811835001 875227001 811927007 754404004 806225002 853468002 599580038 808687001 811925009 781613006,831644001 831644003 781613001 824526003 599580052
17,619ff841b7793e708cea60d68f67d9b8324a3ccef2e02bd60fd031f1fec7e432,754356001 351484002 783707086 783707047 764520001 535146002 429313013 848239003 783707080 706016001 699081001 429313008,535143002 682996002 682996002 662888002 637667001 712547001 587229001 458543001 581275009 622094008 464297033 556539016 429313023 429313023 733378002 733378002 709034010 829135001 677930005 677930005 795440001 781613006 635168002 753692006 615141002 783440002 771124001 688474005 789326001 783707046 814857001 871417001 406724012 734940005 807244012 783707087 897423002
18,6257057e113555d10fd145957512e44d23707e54e1e678319d50a82c19674dc7,626263008 826508003 626263006 626263002 626263003 826508010 826508005 826508006 626263004 626263009 784001002 626263005,626441005 626263004 555351006 198518010 198518010 198518010 626263003 688873009 558981016 626263002 696896001 696896002 694499004 757226005 625358004 625358006 607642002 625358005 625358007 699063001 757226005 625358006 743499001 807972002 716672004 784001001 784001002 772349015 702623004 784001003 772349008 772349003 741220013 734569002 741220004 772349004 754492001 772349015 772349008 772349003 772349008 399061008 842606003 608069011 608069011 608069011 847673003 562613010 562613010 840614002 562613011 826508005 841793001 794575003 826508001 848460001 826508002 711582007 817477001 817477002 826508007 817477003 826508010
19,62bf7db724212c005cf877ca1528ecdf2024c2a2786518afccee072bdc1226f3,399256001 826508003 884174003 851780002 399256023 826508010 826508002 679853001 826508001 679853020 826508005 826508006,599719010 632307016 562245088 679853026 679853009 761415001 741220002 679853010 471714005 685815001 399256002 679853030 803070006 399256018 851780001 763275024 635168008 763275019 729928001 899003002 884174001 834906017 360950007 826508006 826508011 834906012 857453007 826508005 884174002 857453002
20,673f3bc109a3dd581cfac201fa90a0acd24dd9e102a991f69c42fe9283722877,685813002 685813001 685813005 673677002 720504004 720504001 685813018 685813006 160442010 678942001 685813007 610776002,685631001 610776010 651222005 688873021 578478003 661794001 580085003 671936002 703737001 592975021 677049001 524825010 662344004 573716037 606522001 612182014 662344004 573716037 615021029 673643001 567993036 632307008 678696011 695632015 744893003 716671004 372860002 671852004 735122002 568597033 568601034 568601034 751471016 568601031 763280001 771759002 568597033 568601034 568601031 568597033 763037001 695723006 763037001 803647003 803647003 797394003 803647003 733098013 243937001 754292001 160442007 720504008 699580001 699923016 685813016 685813001 492171004 688892001 678696015 701135019 606395006 636207005 720504007 673677011 685813005 685813001 685813001 685813007 811993001 720504007 685813005 826498002 664074039 820671002 664074068 664074039 820671002 786304002 702623001 685813003 858052001 826508011 664074001 786304002 811900001 399256005 733029007 766346008 717490058 399256005 677930023 766346008 717490060 859077018 859077018 879200001 879166003 846327001 879176002 890511003 840027008 778534004 870434001
21,6881b10bf7d5dfa456765858c3f686de0910fd23d7e9674af8e8c08d6e9aa3c2,802058001 812608005 704690002 543062003 531862001 663054001 894141004 659146002 812294002 510321008 398074001 891902006,513257008 510321008 625506003 625506003 625506002 625506002 456834013 456834013 423900029 423900029 526158016 531862001 624632003 526158015 526158015 526158015 513257010 508931035 624070005 638204006 525838008 558981016 611910001 543062003 659146002 663054001 693508003 675465001 732848002 567535009 702506003 653277005 680586011 694162001 372860063 737098002 120129001 120129001 708385001 704690002 542413003 561542024 677930060 673677010 717816002 706016011 775996009 372860001 804960001 804960001 398074069 510074005 761432001 761432005 761432002 787654003 398074048 707772010 120129001 752981003 707772008 516000099 752869002 679853020 679853020 516000093 817777001 817777001 516000102 851995001 490176011 679853026 680391003 802058001 719463002 762896002 786132004 490176001 762856014 762856014 762856014 790494002 790494002 799200001 799200001 793385007 688558011 848205002 831611001 831611001 788754001 801673006 801673006 842605015 842605015 762846008 762846008 762846008 750397014 865457001 802370003 812294002 812608005 770336003 770336003 160442010 578311010 578311010 903308001 903308001 894141003 894141003 916866002 916866002 857163001 917919001 917919001 935787001 935787001 891902006 891902006 895610003 895610003 156224001 594453001 594453001 923218001 936012003 936012003 857163002 894141004 894141004 156224002 160442007 160442007 160442007 872393001 872393001 884319006 884319006 895610001 895610001
22,6ba1f1081c3878e6ce50def9f2d6f580c80f3c6e563733ab4ad1cf4ba9312507,562245001 562245018 751471001 706016001 783346018 547391005 751664001 573716012 796210001 838787002 829017009 787237001,685848003 675319011 562252028 733348001 762286001 734273002 707225001 748570001 763821001 608007018 746509002 731960003 752512008 808168002 851117001 851117001 861569002 764895001 861569001 779782001 784698003 784698001 784698001 670698003 562245046 738929001 861848004 832311003 783346001 849868001 644288001 806012001 751591001 787711003 773955001 838787001 863013003 863013003 750481010
23,6be39b0bbe00903a54f52f7e0895579d71d51df1e65466a2a5e69d0f06fd60f4,526194003 843555002 624543063 613522001 653557001 576262002 612509001 597596006 843555006 791795006 791795007 785827001,810258001 896851001 843555003
24,7597354fd1ee58d943e06187fee3b696bed47ae4a2a1a4487f46538b599e17af,610776001 689009002 706016001 610776002 823165005 684341001 639895003 720125001 806388001 749699002 806388002 684340001,698954001 667168001 516712005 718289003 513373008 625483004 630313006 625483002 688713001 671206002 618800002 566621004 518729001 639896002 570144001 712838005 690066001 586007002 640989004 600931001 644368001 712838006 634015012 625316004 625316004 592846001 297067002 548110002 542402001 726759002 726759002 768440008 396135007 396135007 768440001 689005002 739501003 689005001 689009001 724626002 768440002 768545002 656763001 768440010 743229001 778064001 757741003 761991001 784926001 629420011 610776002 812189001 787148001 673396002 757904002 806388005 787237006 812189001 812189002 673396002 806388005 673396015 787237006 720125008 698255003 771337003 647380003 647380001 733193001 783073001 766153003 712216009 761288001 572533005 732409013 732409001 756099003 179208001 591334039 753737005 182909001 542402001 591334019 411413002 373506004 411413022 752516002 781613010 823494002 673396017 812027002 823040001 749699013 751866001 817378002 381038004 237347043 753255006 611024001 688728018 611024002 611024002 733027010 866387009 865086001 866387010 810838004 827083003 851094005 708021006 720125007 778836001 839332003 716672003 843695001 716672001 870541001 738590006 806388003 877014001 717773001 823324001 616708006 803969002 803969002 823118004 879012001 836364002 836364002 850249002 864928007 870772003 837351002 869329002 713993079 749699026 713993019 756322001 855928001 882454001 829135004 684238003 854885004 633152021 873045001 892254002 797835008 815882001 718278001 749974008 718278002 886270003 886270003 898918002 898918002 898918002 825720001 825720001 886270006 886270006
25,81f2ac1b657989c48a9920315cd24eeae7858d94f3de210e40df5d7a06443eef,706016001 823168006 811907011 689109003 610776002 692930003 823168008 879999001 448509014 709297002 815463005 706016002,619234001 662888001 696628002 650506001 701129002 647396002 695450002 633946001 561445010 504155001 684087001 561445005 560393001 541519001 561445026 616337001 640462002 611415002 649492006 653499001 660599001 719002001 731082001 592541001 661306005 448509017 636762001 504852005 562245046 679484003 613246006 573085001 634009008 696911001 716597001 663944004 746003001 684325001 655267005 639297001 599489001 684080002 673396002 200182001 669215004 702208002 662948001 695545001 426013023 426013023 580770001 665212002 733931001 718634001 723488002 688728003 695301001 749974003 511105004 639404002 749541001 644300001 580482004 692930003 689109003 709300002 721744002 726229001 749854001 709300002 603582004 723084001 680391002 722970001 722970002 189616006 723084003 752477002 564786001 643588007 736218002 680265002 664319021 372860002 719084001 639192013 790119001 731644001 754374007 751342001 751342001 754374003 731960004 759156001 721457005 711193001 786657003 639838012 721457007 578317005 399201005 399201005 399201022 399201022 777033002 823926001 760123005 783346008 740716013 511105002 760123002 801322001 759465001 796156002 779622003 793012001 783346008 758470001 743630003 788651002 737710006 850239001 850239001 817213002 775996014 759814010 825733002 762344004 788632003 812189001 784272002 724905003 826498002 714927003 815264002 758129003 636505001 697091007 369796007 855857001 803625002 803625008 837939002 753737001 819520005 819520002 554598062 714790020 865799001 865799001 842952003 808841003 844915007 690936006 470789030 841383002 841383003 837306011 557994014 732371001 822115001 827637002 829017002 830953002 876770001 839311002 658298007 868018002 805917001 580684001 896229001 896229001 906794003 636505003 879999001 879999001 759814009 823168006 898287001 726923003 811907011 823168008 796555005 759814009 825585007 803757005 850589001
26,858e7a0f54a58d2a33aaaf027862503d29dec6483e6a6d8d9d3ac058b40bbff4,448509014 599580074 811835005 759871002 852174001 799365002 706016001 767834001 863937010 905811001 372860001 572998001,779324006 767423001 819866001 695457004 809874001 714790003 652730004 685844004 764415001 808509001 522461001 692155001 522461003 779863001 572998004 783129002 448509001 740930004 787934001 842245002 738943012 785018005 821031002 788326003 842245001 824185003 824185001 820873004 790368001 845436001 845436001 736049003 842001002 803757006 764551004 819139001 837306001 854305002 524529010 880839001 854637001 843685002 858052008 767834002 767834002 767834002 859186001 832453003 859139002 849257002 825714001 832453005 599580074 867783002 811835005 826505005 832359001 372860002 373506004 876332001 863937003 832482002 841238003 908124002 278811007 854043001 854043005 885824005 821336002 872278001 893994001 817416001 915444001 852174003 887904003 858161001 893059004 894320001 905811002 914351004 893141002 874819002 889753008 902419001 894668002
27,90aa923f5609077e99adb60a9cddd279d3068ae55bdaad27d9e1b9c6b81c9d62,744787003 744786003 853393002 853395003 706016001 448509014 706016002 744787001 806388001 689022002 772176001 789399002,662948004 662948004 629305003 622314012 562245055 399256001 661162002 656487002 676191002 693759001 698896001 708085001 651893003 657283001 655446004 655446004 655446004 764146001 744437002 714807001 744390001 744390001 748760001 689022002 744787003 689021002 744786003 689022002 689021002 702800007 767799004 747764003 744180001 744180003 780807004 767799004 747764002 781358001 565533001 772329002 616763001 707526001 781403001 760729003 707526001 744394002 699075001 744393002 742924002 733749002 672573001 767893004 793856003 777038002 706016003 793856004 740716013 399223034 572998001 777038002 777038002 716947002 716947002 706016003 816353001 816336003 748269010 816336005 705732003 705732003 816353002 790096002 789395001 789399002 789399001 806696001 824185001 824185001 813602001 804796001 796238001 786743001 804796001 796238001 706016020 787164001 787164001 796600001 796600001 814293009 806388002 825244001 820563002 733097005 789087002 790096004 789391001 741716006 741716006 741716006 757904002 763322001 792530001 782921002 790269001 837941001 837941001 739334001 790269001 794819003 761222001 789049007 809961001 827935002 837141001 741040003 856808001 856808006 736531001 736531001 844111001 844111001 844082001 825695003 746070002 714790017 887201001 887201001 868130001 831623001 887201001 852775004 716947004 830953002 830360001 830360001 850259001 877278003 830953001 854637002 852512005 885231004 885231004 859152001 869796002 802896003 802896003 859125005 852775004 865457002 852512005 885231004 861519001 805765001 853393002 853393002 853395003 894593004 894593004 857571001 875040001 832475002 901983001 901983001 872907001 733803001 895346001 719128008 719128008 861514004 861514001 929275001 929275001
28,9ac94c3c1e6d2041d85f13704f66fac8e6335c765dc2f1a9ed59eccd10d8c375,706016001 706016002 399087010 706016015 554450001 399087021 706016003 399087029 562245001 399087014 658030001 658030011,449263003 448515018 569498002 570003001 449263004 672598001 615141002 667770001 635510002 570002007 635164001 669780002 399087030 399087030 413707021 695545001 677172006 677172006 695545001 658030017 658030017 757926001 759465001 733097005 524529001 712216005 775321002 759807008 732842001 757926003 524529006 773602001 795440002 574109025 755754003 790006002 795243004 733101004 839496001 706016003 448515036 615141002 519583008 803080001 839496002 820671001 805772001 794007001 805772003 805772003 673638007 562245094 824185003 693243013 795440001 865929003
29,9f7cb36e5f9c61df5d34391685367bdda534db568daf3e55eacef27cc291f603,739529001 377277002 377277001 584608001 659884001 660367002 554450036 739529004 739529007 377277034 800826007 507706004,660367002 624311004 493438020 659884001 739529003 739529002 599719021 377277002 377277001 752811004 671663001 801071001 726228001 582248004 789921003 693331001 823317005 794454001 794468002 835216001 554450035 803625008 621381021 735751004 850641001 616763008
30,a08e3658fc773181b538632f73c17d9ee87904ed63103e49ab6f8452918d557f,806388001 642126001 651368001 806388003 706016001 584427001 651368002 806388011 675070015 680846003 806388002 739953001,657785001 657785001 543054006 633855002 605230010 606714001 538142004 658287002 651369002 655261003 655261003 647355003 649437001 690618001 677932003 517931007 665224001 658030002 539723005 539723005 655256002 655261009 625939003 625939003 625939003 680912006 684588008 535388008 522918039 684588007 522918006 651369001 517931010 680846001 517931006 651282001 651282001 496111003 509210007 509210007 680846002 517931007 509210009 692002005 721949002 669627003 616307002 642126001 630714002 646676002 646676002 640959002 585955004 578816004 451744006 669901001 590416002 659563001 606742003 646676002 646676002 551462007 584449005 705979005 451744001 643547004 638655001 564786001 681657001 739953002 573085033 573085033 739953003 562245001 688432001 754763001 801420003 823827002 805000004 745250001 745250001 789689004 795975004 795975003 729095001 789689004 806388005 806388005 884851001 806388002 802902001 806388009 875948001 774450001 774450001 852300002 864500002 853839001 822203005 774450003 789147006 855748002 855748002 835852003 817047001 846139003 790791004 790791004 675070013 904625001 904625001
31,a1df993a8b1032025b593260008a87b958686c3044c2654e3d9580cf316c77ff,599580056 776237019 782471001 779781007 568597007 782470001 799190002 734287001 799190004 946763001 757347002 448509001,700966003 636455030 732412003 709667001 682723001 685848006 741215001 657852008 732412001 673281004 717664003 685044002 657852007 698328005 695632008 695632008 657852008 693242010 660830004 720108003 729095001 708138002 691254002 710917001 751680001 771964001 748272001 760667004 716679001 741480001 713156001 749656001 749656002 640542002 525538001 699110001 776163003 632982054 769753003 759637003 807972002 640258013 716348002 684847002 766824001 786657004 768440011 764416002 761501001 768440003 730013001 730013001 761501001 730013007 788176004 702759001 806696001 739578006 440811023 599719004 734287002 512251012 752815003 707717006 707274001 695632033 660599016 697054045 799190001 678280003 695632090 751998002 700079001 707630002 782471001 799190003 794396001 803757002 782470001 707630002 782471001 734592001 794396001 789303003 820428001 824497002 751593001 543548001 830874002 722203002 669091001 794575006 811107002 767579003 581138002 786088002 580482012 820428002 800534002 771528003 568601007 842605015 842605015 568601038 762846010 853791001 803625008 771235003 826164005 850241004 501620040 824764002 824764002 717490002 599580056 654410024 841260008 570004108 776237019 554598065 570004115 719128004 649440037 757347003 895346003 887770002 719128007 717464001 719128004 897488002 844915001 687704022 871854001 679854001 757347001 808617007 853394001 857417005 690936013 814116002 846442001 823707001 844915001 714790017 714790017 448509014 448509014 871672001
32,b8e823c50e84cfc06282ffeac7bc484993c0380a57b11e43f305add6e6deedbb,806388002 866714014 806388001 448509014 806388005 814762001 759871002 859105006 720125001 706016001 618800007 646676003,673917001 639192002 667641001 618800001 733267005 770241001 739144002 762011001 716581002 646676005 790666001 556539010 547780028 806388003 714790003 537119003 740927007 673396015 720125007 837939004 877984001 842463002 842463002 843753007 685044005 685044005 814762002 814762002 796137009 808648001 817472005 866714001 859105002 859105002 837741003
33,be177192f63ecd6a25ecc1d263a1f895e4a2db50312d748172e8b6f691d6d75c,772176003 761222006 674889001 572797002 572797001 749699001 529008026 826224002 706016001 832732002 832732003 832732001,639976002 615021023 717341002 637255010 628466001 683662005 659459003 684080003 557248005 456163010 640539001 680846002 456163026 557248005 661646001 674888001 605939005 605939005 598604001 583150003 677351001 533406023 563157003 584631030 723857001 692425002 512237002 619464002 677351001 625480002 501722005 563157003 711601001 598604003 713380002 724905001 594978031 419634001 658617002 699461002 110065011 618942001 495573018 495573017 656890001 713784001 465655010 399256032 228257002 679287002 480093001 584495001 561291001 458924011 706509001 654383002 589921001 584495002 679287002 700701002 690222001 687601009 607834001 653188008 591466005 724154003 748582001 763843001 760975005 724905003 724905003 736218001 724905001 658030017 724905009 793911001 659464002 746069005 684824003 683147002 792376002 661797003 529012025 740716011 759482001 716045001 636323018 679280012 741714004 773264003 736213002 828718003 824194002 456163063 759814020 812157001 715624012 761222006 863024001 572797002 349301001 816915001 749699002 832732002 832732001 572797001 772176003 761222006 749699002 817219001 810686001 881863001 698276009 889379003 920394004 906880003 698276009
34,bf47f2f3f255c829e150a7bbe1f300e6e832bf67617454de89eccf3f907754fc,706016001 706016002 715058001 625939002 448509014 706016003 695632001 592975012 688105003 741356002 658298008 539723005,625939003 675142001 662075004 675319001 539723003 502186015 714717004 775026001 716014002 554598041 639496004 715312003 658298007 661806001 698718002 794646001 688105002 715624008 714717008 715624010 794792001 695632002 842952003 842724003
35,c3ee27a3e65089e8b2b93e92fb54edf0d049d7de7ad52fa5d355cd9241c94817,866261001 866260001 776237034 599580086 812363006 832331008 564334005 605690001 566326001 678260005 564448002 713199001,712608001 714826005 534181007 615141003 590489002 428291001 669895002 665875003 665875003 639332001 610988001 707518001 566326001 670527001 618770005 612935001 615141003 704114002 689132001 650664001 446224011 618800004 568861004 699115001 615141003 224314013 671206002 717130003 481110008 657287002 670265002 622094008 678260004 678079003 552866001 684080002 654434001 481110002 622140006 383152002 443000001 324502001 622094002 504155015 697985004 502186013 529008038 529012018 645930001 669874001 647373002 487722005 647423001 564448005 640622002 687270002 714826003 543054009 574112001 680542002 569562011 692778002 702782002 647334001 615141002 684080002 615141007 695542007 733074001 182909001 182909001 182909001 723388003 767699002 751936001 733027006 651244001 713199001 713200003 718575001 761701002 190021021 190021021 190021021 190021021 773719004 784272001 807926002 781774001 737222011 746775002 700761006 741297002 851142001 564334002 564448002 832051002 562498002 823494001 507883014 822992003 804682001 809517001 766738001 652730010 862937007 655710010 708185002 582480005 620933002 738736001 642805001 832284001 889664001 870776002 599580086 812363006 776237034 817353006 832331008 817353002 866261001 866260001 876053003 831623001 817401002 542464001 866260001 856332001 889763003
36,cc2ec7230e3824a17e0b1183ca7f4f4067798dfee042090368470a9da0b63f0b,685814001 685814002 685814003 685814033 762205003 754262005 762205002 745250003 685814005 747152002 745250001 685814006,145872037 145872037 560270001 597918001 597918001 560270014 615217004 575495003 575495003 598859001 568597019 674601001 675827004 624634003 685848005 617919009 617919009 685848008 657785001 530729006 708706001 708706001 718939001 770768001 770768001 586955028 581363010 746518001 685814003 685814035 739296005 685814005 685814034 742258012 685814001 774003001 787285001 787285001 755362001 824497002 762205005 762205003 762205001 758470001 758470001 664319001 789119002 633152003 633152003 750476005 685814007 697201002 697201002 429313025 746775001 746775008 763468005 788429001 803582001 678086002 754262001 872628001 872628001 852420001 852420001 745250001 745250002 745250002 857812004 817491006 856818001 481781001 723433001 723433001
37,d13623f7212c4c72facda96f6d5c44b154081911e0a01e056b0691952a43f205,706016001 751471001 573716012 678942001 798407009 673677002 610776002 715524002 706016002 800691008 783346018 562245046,448515001 557247003 557247013 703795001 612935007 707025002 554450001 578474001 680790002 626815002 746326001 224606019 753278001 741805002 773109001 632982021 731644003 565379002 696228001 235596002 650672001 507909001 547367007 783346001 770315001 688728003 701963005 783346013 678942032 735439001 573716049 762846008 537116001 803592003 798763004 798763005 691300005 537116001 684062001 870282001 851622001 868083001 843906002 841260007 827487001 490113018 761713001 772565007 780918001 865533001 800691007 810557007 809517001 809517003 797524001 861712001 860322003 751471021 832361001 868517001 910701001 857812010 913717002 891882001 803587003 889379006
38,d25cdee560a105f7f9ee238c770c8c5ecf432b3290d7184f913f9cf64828476e,442915001 433444001 120129001 534164001 215589001 510465001 510465002 579541001 864885001 580000002 839773001 442915013,666061003 560389011 463970040 580041001 463970023 727880016 579541042 579541004 442915014 510465008 510465001 579541035 649440021 510465015 756204001 708487003 791529001 675852001 649440019 743093001 675852002 795273001 567532004 567532004 509017001 442915013 707349001 579010023 728877004 734935001 839773001 786482002 803625005 791142001 823430002 580684015
39,d3a080b6eafc80b091c3cb881ebd8402a9e12baf2aefd3b741be035bf0ddd9a8,692930003 692930001 351484028 610776002 600886001 684341002 706016001 684340002 351484026 806388002 689109003 759871002,522918006 681358001 401044004 657661001 669674001 625939014 664319001 549257001 684588001 470789001 728197001 699081001 715303001 473954008 715303006 587229003 587229001 689109003 661306008 689109001 715303007 684341002 470789001 684340002 689109003 661306008 664122003 624257010 470789001 699082004 706654001 770383001 656763006 600886014 739144004 636505002 775505002 773109001 706654002 702308001 768759001 470789001 797623003 782566001 220094001 649331002 745726001 768819001 717727005 690713007 763285003 573651005 696736002 573652001 753816001 781180003 696729002 595697022 692226008 742455002 634009019 768759004 647756003 681181001 707155001 723151008 573652001 768759001 588771002 554811029 692226008 588771001 554811008 779864003 797119002 798820005 766006002 762647001 728162001 768819001 591094002 522043006 698896002 786307003 554772002 718278004 718278001 754374002 753071004 790096001 781813001 767032001 760123001 698896002 800373001 781813001 733782001 781813005 781813005 760123003 718278001 728429002 728429002 783388001 783388001 733782001 740902007 784677001 189616007 760123001 807064002 711053007 241412045 186267001 717490015 777124004 779890001 793616002 790728007 554598001 806388001 749484015 790728001 683662005 784467003 817392001 784650008 799190002 811913001 799382001 784650008 844140001 799382001 825244002 807176003 819331005 754362016 781660002 241412052 189616001 816919005 189616001 241412052 820225001 820225001 807176003 807176003 808584001 870743001 877137001 877137001 752857001 816915001 826027001 801470002 806989002 754404004 832330002 812363008 636505001 811777001 806963003 857924002 640542002 861041001 827957001 855198005 783388002 826955010 807500006 874676004 838806002 877400002 793506015 652356044 685605001 685606010 685604070 812668002 909185002 903096004 871477003 911736001 854963004 890683002 851400007 770315008 685604094 887806001 783707109 793506028 767577048 783707097
40,d919f33ca5d07cfc3ba37d5f596210706e55ce74a630f7e7b18af6fdc6106dab,759871002 759871001 870942001 759871004 759871003 849544002 759871013 759871025 759871011 736769043 769748006 812364012,695544001 768912001 759871003 616920001 759871001 812525001 759871002 739618001 591334019 742115001 759871001 759871002 732409013 816350001 816350001 804545001 804545001 861020001 158340001 846826002 769748006 851774002 881031001 854043008 448509026 614854005 557599023 803969003 717773001 885468003 837448004 880852001 811388002 836605003 736769013 699923068 713993019 752742013 873706011 888507002 888507001 877462001 892378003 849544001 895361001 873072001 873072002 875635001 880852001 890862001 691855012 691855012 860892001 859125001 870375001 889370002 889370002 890866002 914293004 914293003 887464001 843380005 470789031 832505004 889669001 889669001 897146002
41,db6dfd1cdfe9694f2348874a3094f3fb7c641f2768c366ed5e2a6efbb400e8ac,706016001 706016002 759871002 594846001 559630019 562245001 636323001 610776002 706016003 399256001 448509014 636323003,642437005 642437005 608483007 651082004 661306005 179950001 179950001 687720002 687720002 497642001 497642001 578487002 578487002 635136002 663554001 663554003 623115001 684686001 684686001 400342037 400342037 637858001 637858001 400342025 741215001 393447015 741215001 399256013 399256002 556255005 393447015 393447015 613246006 613246001 681174002 541313006 633136009 680912011 637569001 693387002 700961002 573870005 534357015 697060016 701016008 716672001 562245058 756242001 562245063 562245006 708499004 620361003 697686010 517893001 679285001 684210002 663463002 745475021 764525001 510126016 758126002 482258008 482258008 643582002 399201020 399201020 690713007 598811005 746648004 649495001 708107002 708073007 758397005 524529001 524529004 464277014 708345007 720346005 692979005 708345003 665044010 665044010 743758001 743594005 743594005 697060013 697060013 448515001 448515001 689811005 708428007 448515034 448515034 708345007 708345007 708345003 697060013 443262018 736769001 620316003 736769005 640467005 640467005 754492001 754492001 713949003 640467002 640467002 708428007 769753002 598811005 482258008 745219003 745219003 685812002 594846001 603582007 734236001 745219002 603582001 736404001 754267006 796632001 724626002 724626002 720346006 727347005 754176004 453065002 453065002 720346005 495030002 758397001 771603001 793917001 766469002 742956004 479095011 751557002 751557002 751557002 700370001 649397011 752814004 688558018 754713006 688558001 784848003 768465003 753214007 501820001 697564033 779781001 743616009 448515001 448515001 448515001 753210002 783707057 753214002 757926001 757926001 757926001 760123001 683995005 753210007 765739001 753214014 783707056 784848003 765739002 765739002 765739002 765739001 636323005 399256002 631536014 321249010 266873006 408569009 688546001 671640001 537895005 190021003 821663005 671640001 190021003 794575001 699383001 733101004 838490001 179123001 801865005 824497001 824497001 724729001 724729001 763270001 763270001 754323008 754323008 777434001 777434001 778270003 778270003 778270003 721268001 721268001 721268001 465655010 824497001 821663005 821663005 821663005 733101002 789150001 798791003 743049002 733045007 650279001 729322004 729318008 679285006 719530008 732188004 719530003 814684001 772843002 860833001 732188001 816586003 678280004 732188010 743616001 703150003 719530008 719530003 769573002 636323005 636323004 652956001 652956001 636323004 840604002 840604002 685814003 266875001 490176002 685813001 685813016 733027010 827704004 810510001 810510001 767438004 559634030 767436004 868956001 730122002 751557002 863952012 879781001 879781001 879781003 879781003 782616032 782616032 699923068 838770001 730609009 730609009 816241006 859363003 859363003 753724002 868762003 868762003 840604001 664074067 816841004 817353002 817353002 816841003 816841003 803985001 803985001 872813001 862937008 759871001 501620040 863753003 654410034 679525004 859399001 619884020 859399001 859399001 859399006 855793002 855793002 818036001 857690004 857690004 684021063 684021063 855467001 636323002 685604073 898226002 855793005 823324001 831177002 823324002 895730001 729860001 570004124 916468001 910601002
42,e2aa25a6e4961ab54863c3bb57e5c8be3e511790582536f45191406f9703684e,829618005 800245015 829618004 829991004 854384004 828295006 832036017 832884006 832473003 832884002 883582004 828295002,844915008 832036017 713997084 832473004 832473001 824526002 828295006 804733005 853316001 828295006 811899002 832036013 854384005 854384005 832036005 828295002 828295002 875040001 854384004 832884006 852577002 843730002 858671003 875130001 873003002 873003002 814614001 839227001 835653001 861173004 877014005 556539034 556539011 873003003
43,eb93ddacf8fbe070e925a16192486dac7e35a21460fe236dcd9a346968a1ca8c,816423004 621381001 816423005 706016001 688537004 706016002 621381014 621381016 621381012 816423003 621381009 554479001,621381016 621381012 621381014 760084006 682550001 600886011 816423003 684209004 825720008 816423001 816423002 408875028 717490071
44,ec2f388a3b3e632bbe818173306713898cf2e12fd58c4a931e9c1ff02a68f812,699075005 699077006 687034009 736573002 858381003 761620002 736582001 855080001 745250002 855080005 610776002 599719041,642437005 642437005 626463002 685972001 461327007 441386001 733248002 733248002 687034009 699075005 684824003 748816006 699077006 736573002 789425001 734435001 734435001 568838010 568838008 702800007 702800007 775482004 637566004 743803005 715253001 790167001 715253002 736887002 736887001 767799003 732207002 188183001 188183015 794760002 384654023 401044004 729004002 743594003 599719019 599719001 784175001 763037003 803656001 536139046 749415004 568601006 568601006 568601034 568601034 778745003 664746002 660726001 708138023 757964002 754262001 130035001 696587001 820873004 771829004 771829004 809278006 751628001 751628001 305931001 745250003 745250003 856808006 852370003 858381002 858381002 745250001 745250001 858381001 858381001 832309005 846327001 786336007 858833002 797565002 797565002 855249008 795440003 855249007 636505001 795440001 761621002 816841004 816841004 772349003 879248001 816166002 824340001 890450002 890450002 599719056 879248001 599719055 890450002 890450001 855080004 864238002 659854016 816841004 855080009 855080011 748853001 905945001 854733002 894780001 786022007
45,f160f1a3bb3a7e2a7558c3ae98c3531dd920a43654732e1c2c3388b919060238,706016001 720137001 706016002 720137004 720137003 776237020 720137005 599580055 764621001 599580020 599580038 720137002,636093001 562245018 678983008 574109014 480093001 480093001 480093001 624486010 623434023 628788001 663679002 624486008 675203003 636323001 539723005 631649002 624486001 625939021 625939021 625939021 625939021 526708017 156231001 156231001 156231001 640716001 624486009 504155012 618800001 605939003 605939003 674606001 683020003 577513003 577513003 673718002 685468002 685468002 639976002 676573005 678553004 697980001 678553003 677930002 666045002 464908037 697275002 658558001 666045001 745831001 717050003 669812001 721493003 721493003 648173005 648173005 657510001 657510001 680391002 480093001 480093001 480093001 622956001 704593001 740716002 639448005 469137011 469137011 762762002 573716012 573716012 695545001 695545001 759904001 759904001 712587003 707699001 707699001 684209001 599580020 589599049 559633001 698276001 589599004 599580026 744394001 700370001 720137005 700370002 720137002 720137002 739144003 582462004 720137001 720137001 720137001 700370004 720137007 735550001 739144004 720137006 744893003 582462004 740943002 740943002 761553002 337991001 760123003 516859008 399223001 706371002 706371002 791293001 836142001 832361007 818754003 795975003 828050002 839950001 818754002 818754004 590928023 590928023 590928023 590928023 590928023 590928023 674606061 674606061 674606061 674606061 806534001 806534001 806534001 674606051 674606051 674606051 674606051 599580038 599580038 599580038 599580038 712924014 712924014 712924014 712924014 776237011 776237011 776237011 776237011 776237011 776237011 858453002 858453002 858453002 372860001 351484002 351484002 674606061 753737001 753737001 599580055 599580055 795440003 795440003 799365011 855200007 559630026 559630026 841173001 674606051 699080001 372860002 841173001 858453001 826252001 681179001 681179001 634541002 843284001 681179031 681179031 562245050 562245050 832253003 832253001 821046001 821046001 674606050 821046001 880278002 624486091 887681004 885951004 885624002 881887001 923460001 893323001 762846031 869489004 610776002 842000008 842000003 762846031 610776002 610776002
46,fa06f8154a9fb9de61d24362e924a7c1dfaa51e6bc6189566b12d58b1e5ec165,767032001 815456007 815456006 857778001 875350002 868213011 896559002 728592001 868213012 773471008 946763001 815456010,615141003 615141003 633809002 633809002 667357002 667357002 630116017 639835005 639835005 535388003 639836004 639836002 746283001 713700001 699598004 613666005 613666005 739144002 733267005 733267005 664319014 664319014 697091007 697091007 611415013 700758002 728592002 728592002 773075002 700429002 722343002 659460002 673638003 700429001 777143001 777143003 662369003 647781010 395127011 501616048 691072014 727697001 799170002 691072001 815456002 710876035 815456003 839259002 794205001 794205001 795836005 795836005 537116001 537116001 815550001 815550001 857778007 677930037 857778005 816737002 816737002 816737002 857778003 795440003 853925003 853925003 853925001 853925001 805308001 805308001 816938001 851774001 772773002 772773002 767032002 879248003 806778001 897505002 897505002 873333001 831777004 895993003 589722010 824764007 767032005 729006001 778064041 778064041 820484001 773757007 773757007 868213002 866731002 896559001 896559001 853881001 804992016 871477003 871655002 886706002
47,fced61dd06e3e0d5628802f239afb1c023b7055719e8ab6ba244c4d65e7c960e,743909015 791589023 792064001 746260015 858487001 387348025 890480001 743909016 743914016 841544015 589599047 687034010,846356001 833848001 634020002 811194001 764155001 841415001 721268006 835801001 708311024 760111002 815882004 831024001 872813001 832083002 716348004 803985003 797527001 759637001 794362001 855200007 680327001 842605003 785914001 659854010 599580017 832997004 873228001 699424001 736573001 727029001 727029001 839158001 600886001 832084002 811398008 559633019 832084001 829147002 859205001 818029002 778064005 774075004 774075004 807244016 863753002 807244017 778064004 863753003 387348025 803625001 807242018 807241015 792064001 858487001 150959011 836862001 803594001 803594002 889665001 806963005 901607003 877172001 345815002 634016029 860295002 594177009 764758005 841544015 743909015 746260001 791589023 881698004 632307017 746260015 808815001 890480001 743904015 743914016 743909016 570033020 812898002 649439001 743909015 743904015 743914016
48,fd2cd02e61c364e08a8a7542acc0213cff348df5e6fcb5587279907bfd77a69b,720346002 720346006 720346005 579541004 711053003 721390002 711053009 652367003 692745006 720346007 720346008 720346001,735625006 495685007 693246005 669895002 720346001 474471021 658329012 711053001 705360002 750476001 757613002 711053005 300024009 697564001 687858001 300024064 564314018 564314018 720346008 764112005 720346007 627579001 579541042 746083001 632307015 579541026 579541001 687044006 652367002 781813002 803320002 717365001 751534004 798381003 648300003 573282011 659550003 692745004 798744003 646851001 660190001 738567002 716581002 712853003 723341001 495685006 778645001 753112005 395127001 452818001 688933009 721390003 788281002 452516012 611020022 788281001 156231001 718982001 835543001 813406004 835348001 797088013 658329031 869095001 815456007 808659003 890639002 685811003 796210001 880738002 834367001 906909002 760975006 914737001 887904003 857812007 834368003 890511003 856310001 925404001 919741001 824499001 907954003 863646004 890197001
